"","height","winRadius","treeID","crownArea","latin","hgt","w","dbh","la","agb","seq"
"0",10.3306603010719,1.7632665075268,1,14.1510017795518,"Crataegus laevigata",11.2,9.65207231634741,27.8389247938968,"100.713099668688",271.676514653903,0.051830446714128
"1",9.8810625679951,1.75202656419988,2,23.964565075609,"Crataegus laevigata",10.5,9.44047138653574,32.5642059322918,"111.637781342555",406.663085710084,0.071126364812798
"2",15.6467372574922,1.89616843143731,3,12.569010187981,NA,NA,NA,NA,NA,NA,NA
"3",8.91705380438652,1.72792634510966,4,41.6880863449105,"Crataegus laevigata",11.51,12.9683942722297,35.806678955331,"179.195101962646",424.634135786585,0.098879090356142
"4",8.69185175182808,1.7222962937957,6,29.3798439937083,NA,NA,NA,NA,NA,NA,NA
"5",17.2852605162395,1.93713151290599,5,74.6404498778885,"Acer negundo",22.2,6.57124227220394,55.3502360409905,"181.693647709578",1485.88557040872,6.76495752815902
"6",8.70171620723859,1.72254290518097,7,51.4755728668047,"Crataegus laevigata",11.1,6.6,18.7802832848437,"112.864472445424",119.323508440282,0.029434649174632
"7",22.0089179556313,2.05522294889078,10,45.8864486675553,NA,NA,NA,NA,NA,NA,NA
"8",16.9506321625366,1.92876580406342,9,21.2873484968564,NA,NA,NA,NA,NA,NA,NA
"9",19.7163100803522,1.9979077520088,8,7.71003597463088,"Populus nigra",25.51,6.9,55.0676103097958,"82.2775572072568",1974.56885766768,3.27933140845494
"10",12.9319248500113,1.82829812125028,11,6.04112176349237,NA,NA,NA,NA,NA,NA,NA
"11",6.52647628431556,1.66816190710789,16,3.9723635262616,"Crataegus laevigata",4.48,2,6.36619772367581,"11.4585600876176",7.3151246132972,0.27275640054569
"12",14.4011754660057,1.86502938665014,12,15.9068386220668,"Picea abies",15.31,2.85,27.0563403256222,"39.4742512220518",202.865983372377,1.22767246562012
"13",21.8256170619767,2.05064042654942,14,36.064193145028,NA,NA,NA,NA,NA,NA,NA
"14",22.9387500408616,2.07846875102154,13,85.8100059588549,"Populus nigra",29.62,6.575,73.2112738222719,"56.2906708104274",3615.62236354519,0.858289257446359
"15",17.8108661743504,1.95027165435876,18,33.9085122841105,"Tilia cordata",19.95,5.515,44.5633840657307,"251.713861400022",1145.57270899667,5.60126226632053
"16",10.789546145745,1.77473865364362,17,54.413557250562,"Acer negundo",11.6,4.87449740999008,19.7095260745845,"66.1206268203253",118.233620932979,2.26631187115628
"17",20.4354072591733,2.01588518147933,19,31.4051409506148,"Acer negundo",19.3,9.65,31.5126787321953,"146.055070921386",511.432075870511,1.7077739805527
"18",11.066487922738,1.78166219806845,21,41.3490881516327,NA,NA,NA,NA,NA,NA,NA
"19",19.561333694697,1.99403334236743,26,27.8847750240226,NA,NA,NA,NA,NA,NA,NA
"20",19.2232227804609,1.98558056951152,24,32.6742111364696,"Tilia cordata",19.27,3.15,26.1014106670708,"111.676447887521",294.510096802731,2.46261952722821
"21",11.5682885861761,1.7942072146544,20,27.2937012382578,"Amelanchier ovalis",14.37,4.45,12.4140855611678,"26.9016907013501",39.9381558075404,0.011770216098622
"22",17.1909205796914,1.93477301449229,15,47.6857468241551,"Acer negundo",18.56,6.225,60.4788783749202,"261.618562217226",2697.65567227823,6.39756149193386
"23",20.266119407871,2.01165298519678,23,81.2031073199095,"Betula pendula",26.65,7.25,49.0197224723038,"355.791610195659",1756.51784702833,0.183333343344202
"24",11.6472068057029,1.79618017014257,25,24.0949489948097,"Pyrus communis",12.9,4.55,21.6450722604978,"28.9871849806673",172.126810272775,0.035498185861996
"25",11.679792530586,1.79699481326465,22,34.3952789239963,"Amelanchier ovalis",14.67,6.08276253029822,16.5061401549316,"50.2644896326197",68.5430305228257,0.021273853893707
"26",11.0027982138022,1.78006995534505,28,38.2198740090116,NA,NA,NA,NA,NA,NA,NA
"27",19.8264137215251,2.00066034303813,27,79.3777323972057,NA,NA,NA,NA,NA,NA,NA
"28",11.3561608926695,1.78890402231674,33,7.91865026061987,NA,NA,NA,NA,NA,NA,NA
"29",12.4341863477139,1.81585465869285,29,21.8697300460679,"Acer negundo",16.9,8.7,34.0591578216656,"527.958177944935",498.845701020283,5.15875011569921
"30",13.8847979116606,1.85211994779152,30,25.8942471314386,NA,NA,NA,NA,NA,NA,NA
"31",12.7773271555347,1.82443317888837,36,11.4824774953435,NA,NA,NA,NA,NA,NA,NA
"32",19.5301754208854,1.99325438552214,31,55.291475668558,"Tilia cordata",21.75,7.15,38.1971863420549,"82.5123587477003",774.502172115867,3.470663387657
"33",9.30271196757168,1.73756779918929,35,18.366748650177,"Pyrus communis",9.32,7.47880338022066,31.2203425131642,"34.4726253699515",364.974267813218,2.4379532158776
"34",11.3367220929266,1.78841805232317,39,26.467936387864,NA,NA,NA,NA,NA,NA,NA
"35",13.772874251522,1.84932185628805,32,88.7914516478944,"Acer negundo",9.36,10.9011111818933,62.2887797698432,"245.440722434051",2492.97758861595,15.5836626559981
"36",12.4999394880552,1.81749848720138,40,26.8417036432556,NA,NA,NA,NA,NA,NA,NA
"37",12.1374445271713,1.80843611317928,42,31.3095260841775,NA,NA,NA,NA,NA,NA,NA
"38",17.4446785323894,1.94111696330974,38,39.2542531322995,"Betula pendula",22.83,8.28,39.7887357729738,"107.960246455108",1167.62468577666,0.136910764260278
"39",11.5341758709498,1.79335439677375,45,14.3074625019002,NA,NA,NA,NA,NA,NA,NA
"40",13.0198533300679,1.8304963332517,41,84.7669345552139,"Pyrus communis",10.73,4.35,21.326762374314,"28.150797405336",165.669872934074,0.313164247844
"41",11.6231530284724,1.79557882571181,50,57.2037732032483,"Fraxinus excelsior",7.61,6.9,21.326762374314,"67.0805624903812",242.073872004493,2.19311069644317
"42",16.728447226427,1.92321118066067,44,56.7691601418617,"Tilia cordata",15.39,7.57019484557696,38.9393311859305,"30.2124941985694",695.190460640184,2.74563829037658
"43",21.4762000632387,2.04190500158097,37,121.135356863999,"Malus domestica",19.35,7.92117415538883,39.9615211845956,"87.4477123446127",636.858716202671,0.83669362401335
"44",10.7468258152874,1.77367064538218,49,10.8653269352856,NA,NA,NA,NA,NA,NA,NA
"45",14.8259520207774,1.87564880051943,43,68.4863286960005,"Acer negundo",19.2,5.02543530452836,47.7539095806626,"49.5494755696582",1152.33069758118,3.93884655247997
"46",10.6396935231359,1.7709923380784,48,42.087930398213,"Malus domestica",9.9,7.77716690061362,27.160992951287,"49.1678090224296",243.640058861804,1.1420460728855
"47",13.6492527766438,1.84623131941609,34,88.9826814152948,"Acer negundo",17.7,4.2,27.374650211806,"37.5479438144162",357.137959006246,1.96108122718704
"48",15.2278089988612,1.88569522497153,47,115.328926169814,"Acer negundo",18.2,6.65357047005591,60.6712337251035,"80.0857753939851",2082.85320751544,8.92971065824895
"49",12.1227722181881,1.8080693054547,51,47.8508998157587,"Pyrus communis",14.3,4.65,24.1915513499681,"28.5933849190413",229.356982208441,0.042321430790565
"50",11.2548014861802,1.78637003715451,54,28.162927382402,NA,NA,NA,NA,NA,NA,NA
"51",11.5466676608172,1.79366669152043,53,28.4323875043747,"Pyrus communis",10.81,6.3,21.0084524881302,"20.839899261249",159.363496279975,0.291139326690953
"52",16.370182214348,1.9142545553587,55,59.3507618097474,"Acer negundo",19.37,6.93000721500346,54.6196020780543,"60.0493702573045",1674.6870731443,5.61474454370119
"53",16.6537828087268,1.92134457021817,56,71.3113136936626,"Fraxinus excelsior",17.53,6.41580080738172,26.6202997427623,"24.434638787394",323.984717191525,1.15593450052465
"54",14.3265154664313,1.86316288666078,52,102.047150502122,"Crataegus laevigata",9.8,5.08674748734395,28.1933447053404,"51.1273427443895",251.041630498732,0.104728163718277
"55",8.97896154114661,1.72947403852867,59,33.3522075431045,"Pyrus communis",10.21,7.2,18.4619733986599,"48.3901515726054",114.173760106396,0.388715103016892
"56",13.6889555745319,1.8472238893633,58,67.3997960040793,"Acer platanoides",13.77,9.63249708019681,33.3572966344719,"93.7204781294812",412.492593254761,2.63602073257622
"57",21.9557354341242,2.0538933858531,46,182.780875742885,"Populus nigra",27.71,11.0847868721054,84.8795857911198,"101.894128457678",4674.36823843863,5.2686293296304
"58",10.9673825865067,1.77918456466267,57,73.1453808713546,"Malus domestica",8.72,12.056637176261,48.8551238158553,"292.596012182517",1150.90983231521,5.13752826765977
"59",10.3772525265661,1.76443131316415,62,41.4881643274985,"Crataegus laevigata",10.9,12.1040282550893,27.2429379873046,"330.084069145058",241.964745138418,0.066440341806677
"60",11.5566818487584,1.79391704621896,60,80.7858787740997,"Sorbus aucuparia",16.8,3.97171562426113,49.4959079044731,"43.5709984508616",1200.46325956212,6.09300236187084
"61",19.1001524534473,1.98250381133618,65,50.4498859978376,NA,NA,NA,NA,NA,NA,NA
"62",18.402328472029,1.96505821180072,61,78.4737372051498,"Tilia cordata",22.13,6.835,43.2901445209955,"423.261820198342",1064.27706938783,5.05888981966791
"63",12.5815030021733,1.81953757505433,63,50.875806807465,NA,NA,NA,NA,NA,NA,NA
"64",14.413026984339,1.86532567460848,67,69.7119375754333,"Amelanchier ovalis",11.4,1.68077363139716,16.616263882876,"3.9853209713021",70.4205026738655,0.021590846579054
"65",12.1544059926695,1.80886014981674,71,8.83133771968437,NA,NA,NA,NA,NA,NA,NA
"66",15.7135231180004,1.89783807795001,64,37.1420335588534,"Fraxinus excelsior",19.56,5.51,24.8281711223357,"33.9692969853923",344.686877392539,0.991215110799089
"67",12.7089887593068,1.82272471898267,68,44.0610737592,"Acer negundo",14.38,10.8528798021539,44.0706905918205,"110.936639384119",964.498526397097,6.07478037225624
"68",13.9638019125451,1.85409504781363,69,25.5639411962748,"Acer negundo",18.4,8.05,40.7436654315252,"36.6811861086356",984.919710441884,1.99119315193309
"69",13.6859552782101,1.84714888195525,66,59.8983742946147,NA,NA,NA,NA,NA,NA,NA
"70",14.4044477866918,1.86511119466729,75,24.9467906346051,NA,NA,NA,NA,NA,NA,NA
"71",9.83340876034832,1.75083521900871,73,36.0989622070766,"Crataegus laevigata",9.21,7.96633541849702,13.124252824141,"172.443296634512",39.0015862437547,0.145425046166059
"72",18.7852426841354,1.97463106710339,74,66.9912596765234,NA,NA,NA,NA,NA,NA,NA
"73",13.2747389999178,1.83686847499795,72,45.9646790418055,"Acer negundo",10.6,8.45,30.8760589598277,"135.986663055109",485.48790855773,3.72433763146915
"74",19.528627869528,1.9932156967382,76,35.6817336459903,"Betula pendula",27.53,9.65,47.7464829275686,"146.641812681098",1668.3304045357,0.140462911521126
"75",13.9991945274797,1.85497986318699,70,57.855692826272,NA,NA,NA,NA,NA,NA,NA
"76",9.5651614631183,1.74412903657796,79,28.1281583584551,NA,NA,NA,NA,NA,NA,NA
"77",15.1615331712311,1.88403832928078,77,49.6588901889083,"Acer negundo",24,11.1151923060287,48.9193728133178,"186.99759463845",1207.90148858925,1.02242219385606
"78",14.4337120550601,1.8658428013765,81,64.5921955081177,NA,NA,NA,NA,NA,NA,NA
"79",11.0408422532105,1.78102105633026,82,33.9867426572157,NA,NA,NA,NA,NA,NA,NA
"80",9.02641802930188,1.73066045073255,84,16.4892201232562,NA,NA,NA,NA,NA,NA,NA
"81",9.14163061524489,1.73354076538112,83,35.0471985360904,"Crataegus laevigata",7.7,10.3920642800167,17.6941362449492,"303.612047457963",77.0864820227076,0.603602870872984
"82",20.2777458606463,2.01194364651616,86,69.6771685394335,NA,NA,NA,NA,NA,NA,NA
"83",17.7567875933372,1.94891968983343,80,90.1126754231565,"Tilia cordata",20.71,5.7,40.1070456591576,"258.794513272571",876.656125247193,4.49859291902703
"84",14.82310302431,1.87557757560775,78,79.5689621705157,"Thuja occidentalis",21,4.07093355386698,44.6235949036254,"44.4483105607465",596.362682965595,2.52572685375532
"85",14.8222852727226,1.87555713181806,85,54.6917096286463,NA,NA,NA,NA,NA,NA,NA
"86",8.85496033322835,1.72637400833071,92,1.3733773258293,NA,NA,NA,NA,NA,NA,NA
"87",14.0803031748067,1.85700757937017,87,51.9710317773732,"Acer negundo",12.6,5.25,30.5577490736439,"46.967433181987",472.822592108147,3.27801762048801
"88",11.9908479139497,1.80477119784874,90,64.3575044669922,"Malus domestica",15.87,8,20.3718327157626,"37.4894309125682",147.197179752243,0.011813309343253
"89",19.5110304547526,1.99277576136882,88,62.0801319357787,NA,NA,NA,NA,NA,NA,NA
"90",14.5419460486507,1.86854865121627,91,81.8550269550893,"Fraxinus excelsior",12.4,10.3,41.6985950900766,"178.052907459804",1150.52236974329,5.63409322209372
"91",12.1451563525478,1.80862890881369,93,13.6207738424533,NA,NA,NA,NA,NA,NA,NA
"92",12.4750983682342,1.81687745920586,98,3.12052189281016,NA,NA,NA,NA,NA,NA,NA
"93",11.8064873148154,1.80016218287038,94,26.3027834298143,NA,NA,NA,NA,NA,NA,NA
"94",13.4458585268297,1.84114646317074,95,54.7699399709758,NA,NA,NA,NA,NA,NA,NA
"95",19.8232762140098,2.00058190535024,89,148.350827731773,"Quercus robur",25.35,17.55,76.3943726841098,"274.586385506169",4873.45316116623,0.242668004835195
"96",14.2382249913132,1.86095562478283,97,20.7571205520573,NA,NA,NA,NA,NA,NA,NA
"97",13.4578923095387,1.84144730773847,96,98.3094780379065,"Acer negundo",17.9,16.2741359217625,50.6112719032227,"271.211386506931",1242.01747519056,2.89873997870056
"98",8.64325162955863,1.72108129073897,100,29.814457082202,"Crataegus laevigata",5.87,7.67626211121012,21.5418434931161,"39.202569277244",142.625568652102,0.806337165432794
"99",10.8258983754209,1.77564745938552,99,31.0487582258921,NA,NA,NA,NA,NA,NA,NA
"100",14.4684012511511,1.86671003127878,101,66.7913376903428,"Fraxinus excelsior",17.1,8.95,27.0563403256222,"126.968826958548",420.913586833877,2.41103510973909
"101",14.7242361752096,1.87310590438024,103,46.7643670971214,NA,NA,NA,NA,NA,NA,NA
"102",12.5930091709126,1.81982522927281,102,17.3671385655156,NA,NA,NA,NA,NA,NA,NA
"103",14.9997335965431,1.87999333991358,107,93.3809657530073,"Crataegus laevigata",10.5,3.65,20.0535228295788,"26.3244067135123",141.334596200539,0.028671662467644
"104",13.1248101189619,1.83312025297405,104,39.3237912341414,"Fraxinus excelsior",15.2,9.94208227686736,28.6284308770647,"75.8597788658934",429.374656542748,3.58855642878527
"105",12.4434310707051,1.81608577676763,105,51.2321895374354,"Pyrus communis",11.96,7.1,22.2816920328653,"44.1143580145948",185.497563267697,0.041808374702868
"106",9.4214678961942,1.74053669740486,108,35.5774264773893,"Pyrus communis",8.79,8.65,31.5126787321953,"116.11236547893",453.774966099021,2.09894307507881
"107",12.4191658790297,1.81547914697574,106,70.4507798133957,"Acer negundo",15.4,11.0453610171873,41.0669100581808,"103.598041245058",805.35614743983,4.13469458233629
"108",14.7608870491943,1.87402217622986,111,30.2490701801981,NA,NA,NA,NA,NA,NA,NA
"109",14.5392855975079,1.8684821399377,113,52.9532573225851,"Acer negundo",15.1,10.8041658632215,38.8129277225292,"173.610210664991",647.949716774322,6.17282487039574
"110",15.4180423590605,1.89045105897651,110,76.5179783778542,"Fraxinus excelsior",15.6,10.2,26.4197205532546,"184.313038903155",398.247918799102,2.99866761335829
"111",14.1599834334127,1.85899958583532,109,71.6155428505009,NA,NA,NA,NA,NA,NA,NA
"112",15.7074420199445,1.89768605049861,115,32.9002099290052,"Tilia cordata",17.6,7.1,35.3323973664008,"231.667286142695",635.397222963635,3.04754262207626
"113",13.7541536789822,1.84885384197456,120,33.3261307439726,NA,NA,NA,NA,NA,NA,NA
"114",14.8857648747947,1.87714412186987,114,36.5248829973953,NA,NA,NA,NA,NA,NA,NA
"115",14.5386518812684,1.86846629703171,116,133.252369442163,NA,NA,NA,NA,NA,NA,NA
"116",9.04685352709081,1.73117133817727,122,44.8086082539307,NA,NA,NA,NA,NA,NA,NA
"117",9.45274103161415,1.74131852579035,118,46.5644450754004,"Pyrus communis",15.64,5.65,26.4197205532546,"50.2843298690265",287.914793263939,0.054726988613169
"118",12.3703091822538,1.81425772955635,117,23.9124114851978,NA,NA,NA,NA,NA,NA,NA
"119",19.3807628525935,1.98951907131484,112,68.303791196515,NA,NA,NA,NA,NA,NA,NA
"120",11.751220186312,1.7987805046578,119,41.7489321895772,NA,NA,NA,NA,NA,NA,NA
"121",15.3841165226341,1.88960291306585,123,37.976490675914,"Fraxinus excelsior",13.8,6.6,30.2394391874601,"28.1867632960743",545.113923537758,0.779596166772478
"122",15.218262177858,1.88545655444645,125,37.3419555809815,NA,NA,NA,NA,NA,NA,NA
"123",9.07397257463277,1.73184931436582,134,19.6097420295901,NA,NA,NA,NA,NA,NA,NA
"124",18.121384347134,1.95803460867835,129,35.003737222326,"Tilia cordata",17.92,8.15,43.9267642933631,"71.4711676061633",1104.47149546319,3.3450294310619
"125",8.74786444876726,1.72369661121918,128,9.1964127201529,NA,NA,NA,NA,NA,NA,NA
"126",20.05341705482,2.0063354263705,132,57.9599999490543,"Betula pendula",23.15,7.85,41.061975317709,"97.676558649894",1241.87556141739,0.115180663788919
"127",13.9180690357793,1.85295172589448,130,30.4055308887406,"Acer negundo",15.32,11.7772025540873,43.5619610260758,"280.678261864113",1032.29577677441,7.07591935119682
"128",17.1894516952492,1.93473629238123,131,33.8650509746658,"Betula pendula",19.6,10.85,33.1042281631142,"296.816345125183",814.63550518786,2.20260225229561
"129",13.9975896216,1.85493974054,142,10.1525614881791,NA,NA,NA,NA,NA,NA,NA
"130",14.0993954480187,1.85748488620047,135,28.1194661027452,"Acer platanoides",18.4,6.35,18.1436635124761,"199.129728410098",125.080684533885,0.212996757385298
"131",14.095800683026,1.85739501707565,138,44.7738391934503,NA,NA,NA,NA,NA,NA,NA
"132",18.1972229613329,1.95993057403332,139,15.9155308900522,NA,NA,NA,NA,NA,NA,NA
"133",14.7648154992003,1.87412038748001,124,80.2034972366481,"Fraxinus excelsior",15.6,12.6025791011205,46.6256079448837,"290.708758182108",1274.64297965758,7.58909917846322
"134",17.7649786228843,1.94912446557211,140,52.5621055213025,"Betula pendula",19.51,14.0868733223523,56.9454518155139,"1050.31010030569",2390.44779366605,5.99980842526781
"135",22.5041456435128,2.06760364108782,121,91.1122855273382,"Populus nigra",25.5,18.6065848559052,92.4464197200062,"472.448064928597",5794.34776168074,8.75921178413159
"136",10.3937694840265,1.76484423710066,137,63.0884342857013,"Prunus maackii",10.76,7.1,23.8732414637843,"72.0389826594921",222.054435572695,1.5022638071151
"137",16.391601021278,1.91479002553195,133,88.9652968988605,NA,NA,NA,NA,NA,NA,NA
"138",16.817569316877,1.92543923292192,136,83.6195560478278,"Fraxinus excelsior",24.89,7.95,42.0169049762604,"82.5019869776165",1171.04270823046,0.098053934108975
"139",16.3504665477855,1.91376166369464,127,57.2733113030225,"Acer negundo",16.1,10.95,66.5267662124123,"492.525822899926",3440.12258870576,12.165291490609
"140",15.854662593371,1.90136656483428,141,118.327756353608,"Acer negundo",20.69,9.5,35.014087480217,"153.256913528229",669.128335967479,1.19744296988057
"141",13.7793546748936,1.84948386687234,144,62.6538212175582,"Fraxinus excelsior",16.3,12.0711432764258,18.2411284486853,"391.297746271889",142.996129102645,2.55916076288073
"142",22.5420514606215,2.06855128651554,126,152.158038301971,"Populus nigra",25.6,23.6586664882026,119.102780470674,"981.877161456655",9737.63657884945,12.7610110730657
"143",17.6696902550021,1.94674225637505,146,36.637882409306,"Tilia cordata",22.5,9.15,46.7915532690172,"90.0861128368702",1296.66948449527,3.1591215781433
"144",9.57301774542841,1.74432544363571,143,30.8488362182375,NA,NA,NA,NA,NA,NA,NA
"145",12.5993439389928,1.81998359847482,147,6.03242951209677,NA,NA,NA,NA,NA,NA,NA
"146",13.992320410794,1.85480801026985,145,23.7037972309341,NA,NA,NA,NA,NA,NA,NA
"147",12.9203784255533,1.82800946063883,151,27.2154708934537,"Acer negundo",14.6,11.5801554393713,32.5175010185505,"369.496244335607",409.158784872809,6.55444697889651
"148",15.9104222586872,1.90276055646718,149,48.0768985943583,"Populus tremula",20.6,5.99270389724038,29.5274242906881,"32.6406497923047",415.865616520113,1.25500174669077
"149",16.9325282624321,1.9283132065608,150,25.1032513453293,"Betula pendula",19.58,10.25,35.3323973664008,"501.806600254372",925.408952952337,2.35777990809288
"150",16.2047647338907,1.91011911834727,153,14.1683863181492,NA,NA,NA,NA,NA,NA,NA
"151",13.147082044658,1.83367705111645,167,8.17072584525415,NA,NA,NA,NA,NA,NA,NA
"152",12.9112150799092,1.82778037699773,165,18.1668266101026,NA,NA,NA,NA,NA,NA,NA
"153",14.3690970278477,1.86422742569619,152,27.0937792328934,NA,NA,NA,NA,NA,NA,NA
"154",17.639471586599,1.94598678966497,158,55.3523214955549,"Populus tremula",22.69,5.8,29.9211293012763,"46.3793310864422",540.459096433031,1.09062248465335
"155",17.8275097848769,1.95068774462192,164,26.0420155824858,"Fraxinus excelsior",27.32,9.45,35.6507072525846,"62.9118035265413",799.265378217582,0.045070853258437
"156",12.8750135595898,1.82687533898974,157,61.9410557582685,NA,NA,NA,NA,NA,NA,NA
"157",22.2790338955821,2.06197584738955,148,62.5408217988261,"Populus alba",24.7,11.1,63.0253574643906,"190.512942879762",2630.17311069926,4.40897531479777
"158",13.4232552543864,1.84058138135966,156,54.7177864145746,NA,NA,NA,NA,NA,NA,NA
"159",20.1010784743439,2.0075269618586,161,33.352207544738,NA,NA,NA,NA,NA,NA,NA
"160",13.8750079256487,1.85187519814122,166,39.4628674009606,"Fraxinus excelsior",15.3,8.7,26.7380304394384,"217.236059727628",409.491392593543,3.76630128082712
"161",14.2926815495566,1.86231703873892,160,26.4505518871838,NA,NA,NA,NA,NA,NA,NA
"162",14.660032489186,1.87150081222965,155,41.1665506642654,NA,NA,NA,NA,NA,NA,NA
"163",22.9301389384023,2.07825347346006,154,74.762141525674,"Populus alba",28.78,13.45,66.845076098596,"882.280667596231",2980.32399029712,1.83531011096579
"164",17.7109702341959,1.9477742558549,159,49.4068146022716,"Fraxinus excelsior",22.65,8.31038506929733,44.3457196729756,"91.3249095880717",1186.31386203816,1.27942102796482
"165",17.9026486690846,1.95256621672711,175,10.8392501497479,NA,NA,NA,NA,NA,NA,NA
"166",12.2240622053125,1.81060155513281,171,68.3907138172714,"Acer negundo",10.4,8.7,30.8760589598277,"112.465527000917",485.48790855773,3.52763636097671
"167",8.49262204064088,1.71731555101602,177,6.84950209270346,"Sorbus aucuparia",9.8,6.2,16.5521140815571,"118.076815230638",86.1338810874453,1.5821166465301
"168",18.1244769533712,1.95811192383428,172,12.4907798341086,NA,NA,NA,NA,NA,NA,NA
"169",16.4878848426913,1.91719712106728,174,20.1138932045242,NA,NA,NA,NA,NA,NA,NA
"170",17.4102600995062,1.94025650248765,173,36.3684222978342,"Populus tremula",18.72,7.05,29.6028194150925,"68.5246344626603",528.319508620925,2.48501790385848
"171",10.0404079063246,1.75601019765812,185,11.0913257357226,NA,NA,NA,NA,NA,NA,NA
"172",9.83803138243561,1.75095078456089,183,12.6124714985707,NA,NA,NA,NA,NA,NA,NA
"173",17.3384912434831,1.93846228108708,169,33.9085122873394,"Betula pendula",21.7,16.027242432808,44.4689278164822,"1267.16547191928",1303.73877784578,2.80786524639308
"174",16.8245800927954,1.92561450231989,170,15.5678404349539,NA,NA,NA,NA,NA,NA,NA
"175",14.3766385870623,1.86441596467656,163,42.244391098192,"Fraxinus excelsior",20.8,8.4,37.8788764558711,"61.4041132459488",920.233683265451,1.48190736562799
"176",13.5479006362148,1.84369751590537,162,57.0038512080917,NA,NA,NA,NA,NA,NA,NA
"177",11.7101119537654,1.79775279884414,168,106.288974111761,"Crataegus laevigata",12.29,12.0721839366372,48.1984657281901,"178.787119028353",654.705527627531,1.10750515887931
"178",11.4188992869622,1.79047248217405,178,26.7287042598955,NA,NA,NA,NA,NA,NA,NA
"179",8.34820473469035,1.71370511836726,186,16.002453514846,"Crataegus laevigata",10.69,5.05,13.687325105903,"45.2265466459801",52.7436463760251,0.014851904813256
"180",18.2917589829579,1.96229397457395,179,29.3537672415023,NA,NA,NA,NA,NA,NA,NA
"181",16.9771007885472,1.92942751971368,180,50.5889621707728,"Betula pendula",20.1,10,26.7380304394384,"273.258484866099",536.313757836025,1.53499823524612
"182",19.8271231324197,2.00067807831049,187,21.6698080209335,NA,NA,NA,NA,NA,NA,NA
"183",8.22099092389084,1.71052477309727,188,17.4366766483581,NA,NA,NA,NA,NA,NA,NA
"184",9.81782019535418,1.75044550488385,184,26.6157048349279,NA,NA,NA,NA,NA,NA,NA
"185",13.4383255350604,1.84095813837651,176,68.4167905974852,"Thuja occidentalis",15.79,11.2464438824012,45.3253606663206,"169.79386072642",589.428488756463,0.256354930816842
"186",18.3155393964902,1.96288848491225,195,8.10988002726037,NA,NA,NA,NA,NA,NA,NA
"187",17.8262537422842,1.95065634355711,181,30.0230713656512,NA,NA,NA,NA,NA,NA,NA
"188",18.5992215061004,1.96998053765251,193,15.7764547064261,NA,NA,NA,NA,NA,NA,NA
"189",9.8172688425957,1.75043172106489,189,22.5303419213284,"Pyrus communis",11.1,5.75,29.9211293012763,"100.841028046453",396.966794246451,0.341734358633431
"190",15.9231737223587,1.90307934305897,182,66.0872645158944,"Fraxinus excelsior",17.13,6.68449698930293,32.5315195332806,"38.4960632378967",581.820509638736,4.05119773590866
"191",16.0024995113974,1.90506248778494,197,22.7824175234642,"Betula pendula",18.88,5.15,23.2366216914167,"53.8475399546105",407.484384411893,1.6875966119901
"192",20.3208790489982,2.01302197622495,196,19.9748170300423,"Betula pendula",21.3,12.6420923901069,47.6200526154598,"598.292403652128",1699.04904550161,4.00632632896447
"193",17.2068989875674,1.93517247468918,194,44.2436112426166,NA,NA,NA,NA,NA,NA,NA
"194",10.2960445395695,1.76240111348924,203,27.511007808198,"Crataegus laevigata",10.88,7.495665414091,30.0292946040497,"114.773712195287",339.661836551522,0.535343723878626
"195",20.8112198249356,2.02528049562339,201,32.9784402899054,"Betula pendula",20.5,11.6082126100447,57.6887822537123,"650.175891454121",2485.89970820261,6.80790716407079
"196",14.3508019343025,1.86377004835756,198,30.1013017114214,NA,NA,NA,NA,NA,NA,NA
"197",19.0015186695715,1.98003796673929,204,20.7310437865283,NA,NA,NA,NA,NA,NA,NA
"198",7.59152441207123,1.69478811030178,205,10.1786382684093,"Malus domestica",10.59,7.35,26.4197205532546,"108.61329409829",287.914793263939,0.534515592030459
"199",10.0736368256993,1.75684092064248,191,39.3759447899727,"Pyrus communis",10.47,7.41,28.6478897565412,"72.6099405005532",354.825955771346,0.623903825073143
"200",19.9393846436274,2.00348461609068,206,28.1194660898836,NA,NA,NA,NA,NA,NA,NA
"201",18.6957845327936,1.97239461331984,202,23.5821055631887,NA,NA,NA,NA,NA,NA,NA
"202",9.68357588642964,1.74708939716074,200,24.3817936040529,NA,NA,NA,NA,NA,NA,NA
"203",15.0262643047527,1.88065660761882,192,55.4131673340784,NA,NA,NA,NA,NA,NA,NA
"204",19.0956466880697,1.98239116720174,208,36.8378044087227,NA,NA,NA,NA,NA,NA,NA
"205",18.730675897567,1.97326689743918,209,16.0285302782585,NA,NA,NA,NA,NA,NA,NA
"206",19.6416477476118,1.99604119369029,190,31.8136772542058,NA,NA,NA,NA,NA,NA,NA
"207",10.4010177370523,1.76502544342631,218,29.3363826982106,"Crataegus laevigata",11.39,8.56411700060199,33.5556599371447,"191.46925457759",436.712655844718,0.09254337008106
"208",21.5810201346568,2.04452550336642,214,16.9586022607796,"Betula pendula",22.63,6.45,41.061975317709,"454.014437999807",993.50044913391,0.441311803847043
"209",15.3962883403178,1.88990720850794,207,95.075956754817,NA,NA,NA,NA,NA,NA,NA
"210",19.7561310163414,1.99890327540853,221,65.4179603475384,"Tilia cordata",20.54,8.65,62.0704278058392,"712.773769649075",2657.35149055802,9.84102243068605
"211",18.6683950371505,1.97170987592876,211,26.9633953123252,"Betula pendula",19.1,6.5,32.7859182769304,"58.2154099444745",799.374739313592,2.07240505951813
"212",17.6594462110996,1.94648615527749,213,41.4012417337679,"Tilia cordata",19.86,8.15,43.9267642933631,"83.3830288738572",1104.47149546319,3.3450294310619
"213",18.2930667028924,1.96232666757231,199,47.8422075371151,NA,NA,NA,NA,NA,NA,NA
"214",9.40595272639254,1.74014881815981,220,20.0617396422133,NA,NA,NA,NA,NA,NA,NA
"215",15.2566848008683,1.88641712002171,212,20.2790461768465,NA,NA,NA,NA,NA,NA,NA
"216",20.9515642619554,2.02878910654888,210,46.8686742323202,"Betula pendula",24.03,9.5,44.5633840657307,"1336.95118188214",1166.073806155,0.239076315613715
"217",13.4623008668805,1.84155752167201,216,47.042519463451,"Acer negundo",17.87,6.8,27.374650211806,"38.1703583955196",357.137959006246,1.39800612284941
"218",13.6186909140182,1.84546727285046,219,31.4486022397957,NA,NA,NA,NA,NA,NA,NA
"219",21.1092690049645,2.03273172512411,217,37.6288002082037,"Betula pendula",20,10.0905351691573,50.6152756427989,"515.144785734758",1896.75441357494,4.77059994162016
"220",20.900790756148,2.0275197689037,215,37.0290341866456,"Betula pendula",21.4,12.2070932248427,53.213949678971,"718.167674546596",2099.51773420255,3.56763792121507
"221",20.1585422413874,2.00896355603469,222,38.3763347236811,"Betula pendula",18.5,8.5,38.8338061144225,"267.507907467914",1113.40649464945,3.57399979756667
"222",16.7018190755052,1.92254547688763,227,45.1997600192497,"Tilia cordata",16.32,9.25,35.6507072525846,"122.754624377831",650.034064033433,2.77390913440058
"223",18.3490496717979,1.96372624179495,228,29.6406118601502,"Tilia cordata",21.27,9.7,54.749300423612,"740.131402658021",1932.14556234244,8.11410097024327
"224",21.629227855129,2.04573069637823,223,55.3870905627591,"Betula pendula",20.75,9.80427075309531,52.052183160553,"682.081569835117",1603.82045935273,4.14436205442059
"225",15.2745699770659,1.88686424942665,226,65.5483442988498,"Acer platanoides",14.79,7.85,21.0084524881302,"201.209242525322",181.803342461065,1.55665350018727
"226",9.9464202436764,1.75366050609191,224,45.5735272600485,NA,NA,NA,NA,NA,NA,NA
"227",11.0909435770155,1.78227358942539,231,10.3264067215893,NA,NA,NA,NA,NA,NA,NA
"228",11.2712224538653,1.78678056134663,229,18.5405938591447,NA,NA,NA,NA,NA,NA,NA
"229",13.3346275231456,1.83836568807864,230,26.372321517541,NA,NA,NA,NA,NA,NA,NA
"230",9.94811602284392,1.7537029005711,225,31.5789861900705,"Pyrus communis",15.71,5.75,27.0563403256222,"125.036749182845",306.162030947515,0.06428876712954
"231",17.1024010305617,1.93256002576404,233,29.3885362866681,NA,NA,NA,NA,NA,NA,NA
"232",18.0772258908481,1.9569306472712,234,19.2707438437958,NA,NA,NA,NA,NA,NA,NA
"233",17.9681022007295,1.95420255501824,237,39.0456388589822,"Tilia cordata",17.76,7.4,37.2422566835035,"89.7862395449277",726.276055765419,2.96655235308992
"234",11.5021541316591,1.79255385329148,236,13.3078524191327,"Betula pendula",10.97,7.25,19.0985931710274,"110.511437293689",277.592313282694,2.83185502856753
"235",12.8455625450806,1.82613906362701,242,16.67175763461,NA,NA,NA,NA,NA,NA,NA
"236",17.7362648345921,1.9484066208648,232,65.0268085919604,NA,NA,NA,NA,NA,NA,NA
"237",17.6784048337148,1.94696012084287,235,14.0727714411567,NA,NA,NA,NA,NA,NA,NA
"238",18.1212869313637,1.95803217328409,239,51.3712657344822,"Betula pendula",17.5,11.6,52.5211312203255,"150.556440932487",2010.47454446802,4.33129023055926
"239",20.0126331930373,2.00531582982593,238,33.1001319684882,NA,NA,NA,NA,NA,NA,NA
"240",20.7823459674726,2.02455864918681,240,19.9922015336204,"Betula pendula",24.8,9.4,53.4760608788768,"1292.18625412671",1666.114470205,0.28466124549368
"241",18.6383393403401,1.9709584835085,241,33.8042051220434,NA,NA,NA,NA,NA,NA,NA
"242",19.5980274935473,1.99495068733868,245,45.5996040518705,"Betula pendula",24.56,9.87,37.2422566835035,"475.972383038823",1025.84666427384,0.133514812578937
"243",17.8025205214985,1.95006301303746,244,36.2641151679536,"Tilia cordata",18.91,9.47694571051243,53.1167551691982,"90.4345018637041",1487.00990492842,5.72220602255444
"244",15.4068952121714,1.89017238030428,251,32.6307497980674,NA,NA,NA,NA,NA,NA,NA
"245",17.3280450557484,1.93820112639371,243,55.2914757002398,"Betula pendula",23.6,5.25,30.2394391874601,"188.400452533191",682.375948407864,0.115457099883997
"246",18.3205004491499,1.96301251122875,248,39.2716376474856,"Betula pendula",17.35,6.65,37.2422566835035,"43.5237695058245",1025.84666427384,3.38034013921106
"247",20.8802098586404,2.02700524646601,246,13.0644690967097,"Betula pendula",22.16,8,34.0591578216656,"706.149717587052",689.011420080652,0.831447652149109
"248",9.49469731304743,1.74236743282619,250,17.8017516277814,"Malus domestica",10.46,6.845,42.0169049762604,"165.562088684134",953.408751473091,1.33811339464171
"249",19.6920340517657,1.99730085129414,255,23.5560287853463,NA,NA,NA,NA,NA,NA,NA
"250",17.5713309053255,1.94428327263314,257,17.9147510513163,"Tilia cordata",19.21,7.2,50.9295817894065,"852.605967747608",1286.39208836866,10.3895904029388
"251",19.8578462938733,2.00144615734683,253,38.3589501933758,NA,NA,NA,NA,NA,NA,NA
"252",12.9787212599551,1.82946803149888,249,81.672489445407,"Pyrus communis",15.1,9.68052168015753,40.1739360063064,"129.668710862711",735.084460024145,2.92668712139167
"253",17.5320614592596,1.94330153648149,262,34.0388961944926,"Acer platanoides",19.56,13.8792110726799,48.4803825990607,"290.564897140295",1232.91021484314,2.76315196596749
"254",12.6861482903812,1.82215370725953,259,13.951079799981,NA,NA,NA,NA,NA,NA,NA
"255",10.9869148523988,1.77967287130997,252,131.461763578653,"Pyrus communis",13.2,11.8652359858538,35.3567640456414,"159.757735160915",381.953385668648,0.383411816508978
"256",16.557634762867,1.91894086907168,254,93.9025014362245,"Betula pendula",15.19,10.2415819090607,49.2547908444664,"128.3351556807",1602.61288629269,4.63740729513485
"257",19.2336183174607,1.98584045793652,247,32.3352129429042,"Betula pendula",23.14,10.8,50.9295817894065,"416.799537546231",1892.96134266897,0.190165055801799
"258",18.0994179260305,1.95748544815076,256,46.2341391760483,"Betula pendula",17.13,9.15,46.7915532690172,"269.217123854476",1603.64840624418,5.26700667829164
"259",12.9894684144579,1.82973671036145,261,19.7227414297082,NA,NA,NA,NA,NA,NA,NA
"260",13.3846330512439,1.8396158262811,263,10.4654828997289,"Fraxinus excelsior",15.68,9.0869411795169,32.3002202463877,"115.951266722439",470.743529841527,4.72110796078802
"261",15.1235377143164,1.88308844285791,260,52.2144150859957,NA,NA,NA,NA,NA,NA,NA
"262",12.5052736394227,1.81763184098557,258,36.4379603709355,NA,NA,NA,NA,NA,NA,NA
"263",14.7310916985047,1.87327729246262,265,14.290077991061,"Betula pendula",14.48,4,22.2816920328653,"58.7092422538551",375.353216166593,3.6918880836954
"264",11.5330948063605,1.79332737015901,273,33.5521295650046,"Crataegus laevigata",12.3,9.19904886387718,30.9072179171785,"83.1643697915742",365.181401563792,0.043361198851358
"265",17.8242648179785,1.95060662044946,268,56.6735452390536,"Tilia cordata",20.61,9.15,27.374650211806,"693.95839895055",332.372603813785,2.64945765337981
"266",13.0566366593121,1.8314159164828,264,27.3893161274716,NA,NA,NA,NA,NA,NA,NA
"267",15.2776209471737,1.88694052367934,267,47.5032093299716,NA,NA,NA,NA,NA,NA,NA
"268",12.4607233373615,1.81651808343404,271,37.3941091546453,"Fraxinus excelsior",14.72,5.7604253315185,17.4025577978339,"33.7272772172338",117.789985383602,1.79723748771876
"269",13.0010845650219,1.83002711412555,269,51.9362627095938,NA,NA,NA,NA,NA,NA,NA
"270",13.7484607219318,1.84871151804829,266,50.5368085835689,"Amelanchier ovalis",4.9,3.73,14.0056349920868,"20.0124749134724",54.6105759167542,0.678733952907621
"271",17.1021207198681,1.9325530179967,270,37.2637252291929,"Tilia cordata",20.15,10.65,43.6084544071793,"780.099257259229",1084.26137735616,4.81458530574196
"272",10.7895455836332,1.77473863959083,274,33.6390521600105,"Crataegus laevigata",7.5,2.75,11.4591559026165,"7.03687716790513",33.3443523920531,0.031009595042924
"273",16.5211760643488,1.91802940160872,272,26.5113976900313,NA,NA,NA,NA,NA,NA,NA
"274",11.0230866392831,1.78057716598208,275,39.0369465725617,"Crataegus laevigata",13.4,4.2145581025773,18.8959215481965,"14.7189165812403",102.446347546149,0.018747394911719
"275",12.1900118615137,1.80975029653784,277,39.9235572670741,"Acer platanoides",14.3,6.17778277377896,16.7044467059223,"42.3264173724057",87.0356388274952,0.898521881848635
"276",8.3680375256609,1.71420093814152,279,15.0202279516495,"Crataegus laevigata",11.2,6.60776058888335,21.1957101383777,"41.3803955266962",123.128420923887,0.135398050504523
"277",20.5722475236013,2.01930618809003,276,59.7245290801171,"Picea pungens",20.35,8.35,44.5633840657307,"1575.10664262372",587.639324296678,3.10365298077431
"278",9.28511374917753,1.73712784372944,278,51.0496520263746,"Crataegus laevigata",8.5,6.00333240792145,13.9549029004351,"37.2811494534062",45.337206642134,0.017709101775466
"279",11.2562735683278,1.7864068392082,280,40.4537852290329,"Crataegus laevigata",9,4.75,15.9154943091895,"29.3920472781756",77.8421500583192,0.014660916845884
"280",8.13094910412488,1.70827372760312,282,24.0254109059325,"Crataegus laevigata",10.1,2.55,12.7323954473516,"6.05055124420537",43.7634965800516,0.012511512333497
"281",18.215862517542,1.96039656293855,283,52.5186442531885,"Betula pendula",23.15,8.845,34.3774677078494,"77.808405098581",877.089165401289,0.086369347759614
"282",10.3184560049717,1.76296140012429,281,32.1265986439125,"Crataegus laevigata",8.5,4.62087654022481,14.0705931942164,"26.3788270547796",46.8764027401685,0.015465982956917
"283",9.38268575757267,1.73956714393932,293,10.9870185956179,"Pinus brutia",8.1,4.25,15.5971844230057,"43.6279441337097",79.3190975445708,0.607652929282295
"284",15.7552998216723,1.89888249554181,286,64.4009657707333,"Acer platanoides",15,5.3,11.4591559026165,"47.20380154614",38.7352980616635,0.48119564341178
"285",15.8379313675624,1.90094828418906,287,36.3162687368691,NA,NA,NA,NA,NA,NA,NA
"286",15.5095518636051,1.89273879659013,288,42.931079758035,"Acer platanoides",15.84,7.9,26.7380304394384,"39.742786592646",336.332038468567,1.35213177030025
"287",15.8853320999513,1.90213330249878,284,39.1064846730632,"Acer platanoides",19.41,7.1,26.1014106670708,"53.5019460592662",316.280391321756,0.060146781231396
"288",18.9469756339695,1.97867439084924,285,94.8151889178376,"Betula pendula",20.45,12.0649285120137,49.4037042412841,"895.489213187878",1446.7694685856,6.70738042380816
"289",16.178958765619,1.90947396914048,295,87.626688618365,"Acer platanoides",21.7,9.6,36.9239467973197,"86.9446423561811",766.206864507657,0.091553445709849
"290",9.23486037079937,1.73587150926998,289,3.77244150562604,NA,NA,NA,NA,NA,NA,NA
"291",11.9196469012337,1.80299117253084,290,47.5205938696382,"Sorbus aucuparia",9.16,6.8,24.5098612361519,"148.119894838526",237.226587046786,2.95886464272274
"292",13.7782108796511,1.84945527199128,291,19.0360527713141,NA,NA,NA,NA,NA,NA,NA
"293",15.5219542321918,1.8930488558048,292,54.5439411878721,"Acer platanoides",17.39,9.45,37.2422566835035,"442.419166270065",783.168769469076,1.63674926678431
"294",16.2977541878459,1.91244385469615,296,35.9511937394124,"Fraxinus excelsior",17.87,6,26.4197205532546,"5.22143820118612",398.247918799102,0.244469489177419
"295",19.948820478025,2.00372051195062,297,53.5008697831945,"Picea pungens",19.92,6.95,50.9295817894065,"697.581989950088",831.143411207599,3.39700359697053
"296",17.1351318353045,1.93337829588261,294,28.8756928395915,NA,NA,NA,NA,NA,NA,NA
"297",19.4632884629732,1.99158221157433,298,68.8774804613033,"Betula pendula",23.49,14.17,60.797188261104,"336.987910553831",2677.20564698691,0.167700553807663
"298",16.1104141779475,1.90776035444869,299,46.3905998272293,NA,NA,NA,NA,NA,NA,NA
"299",15.0906976481586,1.88226744120397,301,17.6192141330499,"Fraxinus excelsior",17.88,9.3,31.1943688460115,"32.2572992871849",585.971632048051,0.912892148155322
"300",15.4293131918597,1.89073282979649,300,101.273539230694,"Fraxinus excelsior",20.5,7.35391052434009,27.7350036274133,"35.0446813568831",367.75374531055,0.384811662946242
"301",15.7786342328014,1.89946585582004,302,70.9201619033149,"Fraxinus excelsior",18.82,6,27.374650211806,"5.22143820118612",432.515189631403,0.217770582199137
"302",15.7649953442531,1.89912488360633,306,12.7602399588978,"Fraxinus excelsior",19.34,6.45,29.2845095289087,"6.03402452124571",505.930247266991,0.215095195470326
"303",15.6720055441373,1.89680013860343,318,33.3869765711432,NA,NA,NA,NA,NA,NA,NA
"304",14.6820174627136,1.87205043656784,303,73.4322255174025,NA,NA,NA,NA,NA,NA,NA
"305",15.9136353923895,1.90284088480974,308,28.0325434714175,"Betula pendula",17.83,7.55,31.8309886183791,"239.202696225849",754.439729960952,3.39155336341889
"306",18.85574244988,1.976393561247,304,30.1273785133046,NA,NA,NA,NA,NA,NA,NA
"307",7.50784036391998,1.692696009098,323,1.03437912485082,NA,NA,NA,NA,NA,NA,NA
"308",17.7578725096082,1.9489468127402,310,28.9626154704633,NA,NA,NA,NA,NA,NA,NA
"309",16.0895175786866,1.90723793946717,305,31.2052189376419,"Fraxinus excelsior",16.99,7.68586364698204,37.9096250150661,"6.04616347903388",725.988682129357,0.314222623852231
"310",16.2130931022241,1.9103273275556,314,46.9121355373745,NA,NA,NA,NA,NA,NA,NA
"311",16.2507712342658,1.91126928085664,315,27.0155488558104,NA,NA,NA,NA,NA,NA,NA
"312",18.0269127841724,1.95567281960431,320,28.3280803636514,"Juglans mandshurica",24.28,17.6,44.5633840657307,"288.402161777594",1301.75024574149,0.120698812863793
"313",16.4583898361222,1.91645974590306,322,77.5175884404773,"Acer negundo",19.22,12.2687611436526,63.9367224311174,"117.501988213225",2146.57633853181,2.83109870125606
"314",16.1810733372682,1.90952683343171,311,75.6139831661152,"Acer platanoides",13.13,8.15,42.0169049762604,"32.8984078355502",1065.34573534477,3.8258983304753
"315",15.2456510000693,1.88614127500173,313,95.693107318343,"Acer platanoides",17.24,7.8,39.1521160006063,"115.870292780685",889.730270638259,1.50425048299689
"316",17.710284638167,1.94775711595417,316,28.6670785746152,NA,NA,NA,NA,NA,NA,NA
"317",14.8610171560399,1.876525428901,326,25.7725554582881,NA,NA,NA,NA,NA,NA,NA
"318",20.6346634380625,2.02086658595156,324,41.1317816131085,NA,NA,NA,NA,NA,NA,NA
"319",18.636305779105,1.97090764447763,331,45.2432213426631,"Betula pendula",19.21,10.55,32.7859182769304,"176.423305921211",799.374739313592,1.90846087345932
"320",13.0427237475815,1.83106809368954,309,58.2729213950156,"Fraxinus excelsior",15.33,12.45,42.653524748628,"81.0701211923784",1212.7048118766,2.45982140227215
"321",15.5375529047219,1.89343882261805,312,113.164553009186,"Fraxinus excelsior",17.89,10.9,48.70141258612,"51.6965893902436",1650.54462986764,3.83834656795352
"322",15.7932681553118,1.89983170388279,329,19.2359747920256,NA,NA,NA,NA,NA,NA,NA
"323",15.6467973026913,1.89616993256728,325,38.124259122533,NA,NA,NA,NA,NA,NA,NA
"324",15.2283576932709,1.88570894233177,317,46.2515236862743,NA,NA,NA,NA,NA,NA,NA
"325",14.93656033972,1.878414008493,321,50.406424694422,"Acer platanoides",14.77,9.65,21.6450722604978,"228.946737574205",196.188636420644,1.63763442379096
"326",17.1689231105276,1.93422307776319,307,80.4990341423514,"Fraxinus excelsior",20.38,9.44576624737242,38.75676131332,"45.6757269474431",893.683866810861,0.647375757186683
"327",10.4700782002953,1.76675195500738,332,22.5651109493616,NA,NA,NA,NA,NA,NA,NA
"328",19.182594028991,1.98456485072477,336,44.095842817667,"Picea pungens",17.18,6.35708266424151,50.0637805180602,"631.085787370747",678.058992585307,5.04698211617965
"329",16.8371404962204,1.92592851240551,335,63.9228914246809,"Tilia cordata",19.01,8.815,38.1971863420549,"565.081830280445",774.502172115867,4.17361869432244
"330",14.6982964880142,1.87245741220036,334,22.8258788084556,"Betula pendula",16.84,7.95,24.1915513499681,"222.3060106098",440.904969310616,3.10595569972691
"331",21.1877227459749,2.03469306864937,333,47.051211717609,"Betula pendula",25.49,6.4,30.2394391874601,"175.938748838975",682.375948407864,0.109380032377544
"332",15.2190382472493,1.88547595618123,327,43.2092321319732,"Acer platanoides",23.4,9.65194280961092,46.731967562119,"100.230328124644",1261.60178124209,0.317469802223456
"333",19.9344767526864,2.00336191881716,337,33.3869765700904,"Betula pendula",17.49,4.85,27.374650211806,"20.7139063639465",561.59155324007,2.1977531468994
"334",15.753266770107,1.89883166925268,328,43.4352309349554,"Fraxinus excelsior",19.28,14.7649381983129,37.5254821456195,"364.343218035987",761.078083538321,3.33538989329512
"335",15.824540105235,1.90061350263087,319,53.1444870690758,"Sorbus aucuparia",15.54,7.02922470831599,39.7887357729739,"32.6597006197454",687.348161026985,0.078796839515093
"336",17.9169792928937,1.95292448232234,343,49.8588122020874,"Larix sibirica",21.3,6.8,46.7915532690172,"70.6318084899687",939.060858876959,2.72726217525906
"337",18.8629792033989,1.97657448008497,348,39.1151769424542,"Betula pendula",19.74,9.8,34.6957775940332,"95.5175094936982",893.054945375828,1.5431135983473
"338",18.2343471429578,1.96085867857395,340,19.3924355281148,"Juglans mandshurica",24.28,17.35,44.5633840657307,"280.267109193233",1301.75024574149,0.120698812863793
"339",12.9755944725869,1.82938986181467,347,4.82420515411255,NA,NA,NA,NA,NA,NA,NA
"340",15.5722772404144,1.89430693101036,330,205.146064641671,"Fraxinus excelsior",19.22,13.3625409260365,51.7789517116743,"156.583993004014",1194.63059902282,2.50905130947188
"341",13.0482750036816,1.83120687509204,339,46.4340611918323,NA,NA,NA,NA,NA,NA,NA
"342",14.7121121875,1.8728028046875,342,29.3537672399285,NA,NA,NA,NA,NA,NA,NA
"343",18.5053608298881,1.9676340207472,352,12.542933412928,NA,NA,NA,NA,NA,NA,NA
"344",17.0997030395999,1.93249257599,358,40.7840911605011,"Tilia cordata",17.5,10.1,43.9267642933631,"223.447361870584",1104.47149546319,4.54204023220314
"345",9.77897294146329,1.74947432353658,363,1.1386862601365,"Thuja occidentalis",11.68,5.75,25.4647908947033,"177.569362184661",133.896930155348,1.34983928466184
"346",9.72156750643114,1.74803918766078,346,47.2598260091008,"Pyrus communis",11.1,9.64053940399602,30.3915104936156,"86.7550286874603",251.525198854931,1.00094140765924
"347",14.0549833328112,1.85637458332028,338,51.7971865231077,"Pyrus communis",15.61,9.68119956410361,50.8439640414731,"79.8717378541168",1093.88558601752,0.177168028828895
"348",17.8244686004508,1.95061171501127,359,26.7373965034765,"Picea pungens",20.55,6.35,55.0676103097958,"852.774721911595",1018.0256438323,4.24596880680235
"349",16.5130253738378,1.91782563434594,344,49.4589681624389,NA,NA,NA,NA,NA,NA,NA
"350",14.1950806493615,1.85987701623404,345,49.9283503042278,"Pyrus communis",15.9,9.19879883463053,37.9456893565167,"68.0068057461315",505.387009418263,0.116951321523366
"351",8.73646595107671,1.72341164877692,353,37.3419555949338,"Pyrus communis",10.7,5.2,18.4619733986599,"1.05168925099927",114.173760106396,0.015206894732074
"352",13.0661183322772,1.83165295830693,351,52.7185662324553,"Pyrus communis",9.15,6.58027355054484,27.0132405422252,"50.4230350018437",249.367412674123,1.74832947538334
"353",8.74777777354376,1.72369444433859,360,9.91787040155499,NA,NA,NA,NA,NA,NA,NA
"354",11.2329764556783,1.78582441139196,356,34.1692801210195,NA,NA,NA,NA,NA,NA,NA
"355",9.96340274528505,1.75408506863213,355,18.0625194914175,NA,NA,NA,NA,NA,NA,NA
"356",11.8159404127846,1.80039851031961,341,53.1705638446932,"Acer platanoides",12.86,9.35,22.5079079039276,"243.473137278952",188.48293360252,2.654959164674
"357",11.8548191237171,1.80137047809293,350,64.6965026625112,"Malus domestica",9.33,9.16215040260746,26.2040771931416,"99.0281663843124",208.055272733466,1.76071075934858
"358",18.5683124024043,1.96920781006011,362,35.7338872049746,"Acer negundo",17.6,12.45,34.0591578216656,"219.346304147363",623.557126275354,2.21121116908512
"359",18.1934658915773,1.95983664728943,364,48.0768986189635,"Larix sibirica",20.8,7.85,48.70141258612,"67.2347475697154",1059.9027531557,2.46382858942798
"360",19.3046896873652,1.98761724218413,366,18.3841331603813,NA,NA,NA,NA,NA,NA,NA
"361",7.43387558914275,1.69084688972857,372,4.25051588921584,"Pyrus communis",8.56,4.4,10.5042262440651,"69.3217847507355",21.3102503263897,0.788980090788241
"362",19.2505966998141,1.98626491749535,371,14.6203839089511,"Betula pendula",20.5,8.6,37.2422566835035,"295.015606125767",1025.84666427384,1.71983635981383
"363",9.90347557635774,1.75258688940894,368,28.0933893137018,"Fraxinus excelsior",14.6,5.51475294097569,17.1680902611665,"39.0023303634849",122.736896402445,2.48242025541641
"364",18.5695624088902,1.96923906022225,367,23.2170305728684,"Betula pendula",20.58,8.48,31.1943688460115,"47.6794551901682",725.189726968903,1.03956171012635
"365",20.8130314820446,2.02532578705111,354,81.3421835137705,"Betula pendula",23.57,12.4403416351803,54.9266744317754,"247.623641686308",2227.37362055223,1.8556951956972
"366",13.8257287968091,1.85064321992023,349,65.9916496387281,"Fraxinus excelsior",15.17,9.69819570848104,47.137814515275,"85.7784688593963",1160.01761692439,3.56261379133117
"367",10.2385405305168,1.76096351326292,365,40.2451709500609,"Crataegus laevigata",15.48,5.65,29.6028194150925,"6.29020873903996",386.159507128495,0.016756862736173
"368",9.15911540865931,1.73397788521648,369,20.209508082803,"Acer platanoides",8.2,3.75,8.91267681314614,"15.7542057492012",20.4029719378282,0.547151598326586
"369",13.4792221472907,1.84198055368227,357,62.9145890523562,"Fraxinus excelsior",10.29,3.28,8.27605704077856,"16.0498059267545",26.8075179424547,0.667331916346072
"370",14.6190522778839,1.8704763069471,370,60.967522445697,NA,NA,NA,NA,NA,NA,NA
"371",19.1880849952756,1.98470212488189,377,17.862597477381,"Betula pendula",17.43,9.645,41.061975317709,"547.879993347838",1241.87556141739,4.65824244535202
"372",14.5077071947084,1.86769267986771,382,9.81356327783391,NA,NA,NA,NA,NA,NA,NA
"373",6.44827453224644,1.66620686330616,385,14.5421535441111,"Prunus padus",7.3,8.06163755077093,25.5957569419495,"56.8636863560288",154.510535444157,0.350155891755225
"374",8.38702698261786,1.71467567456545,384,23.2778764248667,"Pyrus communis",9,4.95,17.1887338539247,"20.0129191318343",94.9454092655908,0.584445897076172
"375",6.55389091594914,1.66884727289873,388,6.1019676027702,"Crataegus laevigata",7.15,5.4,9.23098669932993,"36.3905004284094",19.0842905163955,0.072003893305554
"376",12.8018758060175,1.82504689515044,361,62.9667426209406,NA,NA,NA,NA,NA,NA,NA
"377",11.0764826663937,1.78191206665984,374,52.5534132958308,NA,NA,NA,NA,NA,NA,NA
"378",8.89588724236012,1.727397181059,373,38.1155668666438,"Ulmus laevis",9.34,5.63049731373704,14.2138819533167,"92.9174805228883",53.0884641511978,1.03427189005165
"379",9.21751036458487,1.73543775911462,381,27.1807018503339,"Pyrus communis",9.3,4.67172345071923,15.8931969980979,"2.93249779224176",65.5062495955851,0.287869599609044
"380",8.64933562239903,1.72123339055998,378,19.8009717906083,NA,NA,NA,NA,NA,NA,NA
"381",18.7908531506559,1.9747713287664,379,34.4300479526645,"Betula pendula",18.37,6.805,28.6478897565412,"36.4610740029616",613.853801600412,2.15894749069173
"382",13.3823235924203,1.83955808981051,380,63.9055068801627,"Aesculus hippocastanum",17.85,7.9,58.5690190578175,"100.73052588281",2376.51103555958,3.77143078451218
"383",11.5058627064119,1.7926465676603,376,73.9276844247039,"Malus domestica",13.65,6.80147042925278,37.5888800829766,"32.9730063581432",584.867359999638,0.43967802534678
"384",16.5431361992985,1.91857840498246,383,82.7242531198175,"Larix sibirica",20.7,9.19483550695715,47.0969569324607,"154.963689636551",931.574155538488,3.59524045375986
"385",19.0050865736654,1.98012716434164,386,39.1673305432577,"Betula pendula",18.23,8.205,33.7408479354818,"87.8794482790518",845.580330493446,2.46317805009153
"386",13.2652629734017,1.83663157433504,389,26.841703643337,"Aesculus hippocastanum",15,6.55,40.7436654315252,"59.3530073480066",969.348269527107,2.63960884348614
"387",17.7180799348411,1.94795199837103,392,38.2894121115481,NA,NA,NA,NA,NA,NA,NA
"388",19.1129049507118,1.9828226237678,390,37.8634912771743,"Betula pendula",17.1,11.55,33.7408479354818,"480.134762014702",845.580330493446,4.08845039189475
"389",15.6414174571291,1.89603543642823,394,16.6543731109744,NA,NA,NA,NA,NA,NA,NA
"390",9.22383439787522,1.73559585994688,387,22.0609597893675,"Malus domestica",9.4,5.19831703534904,26.3967001708236,"16.9852125830274",241.506660533276,0.887839902935561
"391",15.4616103916566,1.89154025979142,375,48.7635872562146,"Betula pendula",16.29,8.65,36.9239467973197,"479.116833206515",807.004576831047,7.24585910614093
"392",13.613346915952,1.8453336728988,391,63.9837372321683,NA,NA,NA,NA,NA,NA,NA
"393",9.9234730163443,1.75308682540861,393,41.8358548072184,"Pyrus communis",12.73,8.67078427825303,35.0227675830187,"77.9062926854321",441.208075227331,1.30507719028646
"394",19.2225827898509,1.98556456974627,395,34.1084342774111,"Betula pendula",22.68,9,36.2873270249521,"93.9858876213502",974.995266818536,0.178588139102885
"395",12.0716332935058,1.80679083233764,397,71.2070065572806,"Malus domestica",13.2,6.77974925790033,17.6482667283942,"111.381741301432",88.7930746291281,0.834964372844606
"396",10.1271719930708,1.75817929982677,396,24.7642531186548,NA,NA,NA,NA,NA,NA,NA
"397",10.8840685434277,1.77710171358569,398,58.3337672136335,"Acer platanoides",15.68,5.30094331227943,18.4784303682612,"88.770586917375",108.455804493769,1.74115565135848
"398",11.3133414520179,1.78783353630045,399,41.0970125501644,"Fraxinus excelsior",13.3,4.47017896733453,15.3648416160613,"46.1678808554019",87.3306296036737,2.05128663549594
"399",11.8301595413133,1.80075398853283,402,39.7236352492714,"Fraxinus excelsior",14.23,5.2,18.4619733986599,"50.6258357145527",173.106073961719,1.90045944682343
"400",14.6751456546693,1.87187864136673,400,65.3136532208868,"Larix sibirica",19.36,11.25,47.7464829275686,"851.562541877036",998.257906408624,5.73405099503179
"401",19.4545498342815,1.99136374585704,403,48.5897420315634,"Betula pendula",20.46,6.9,26.1014106670708,"35.5132389654959",511.605607133642,1.03425147813749
"402",18.2840486658198,1.9621012166455,401,43.9567666251517,"Betula pendula",21.51,6.68,32.4676083907466,"62.8711550445449",784.255148802519,0.714843860869394
"403",16.1475462267249,1.90868865566812,405,57.5340791600597,"Betula pendula",16.81,8.75,30.2394391874601,"250.296583120978",682.375948407864,3.86212507058889
"404",20.0369090995707,2.00592272748927,406,36.0033473082844,"Betula pendula",21.3,7.64,25.783100780887,"68.9368086348943",499.465331390728,0.728442653208333
"405",14.6511285451958,1.87127821362989,407,39.8974804808093,"Acer negundo",20.35,6.6,27.374650211806,"43.6633616520177",357.137959006246,0.883731225943876
"406",12.2639331227715,1.81159832806929,408,9.75271745663829,NA,NA,NA,NA,NA,NA,NA
"407",19.6840831829496,1.99710207957374,409,48.5375884497919,"Betula pendula",21.3,8.66225143943536,39.2232182823549,"141.101231124003",1151.07034419541,3.28692982938301
"408",19.3558463096909,1.98889615774227,404,53.9789441717336,"Betula pendula",21.7,10.6754156827732,46.8088730505826,"334.093205375158",1626.84322772392,3.0141025064591
"409",7.61229825311531,1.69530745632788,410,19.0882063431546,"Crataegus laevigata",8.6,1.465,9.54929658551372,"5.39168864368049",20.8292394487718,0.010106187511598
"410",13.9400720055535,1.85350180013884,413,58.1338451915707,NA,NA,NA,NA,NA,NA,NA
"411",16.9086739064883,1.92771684766221,411,51.1800359785541,"Betula pendula",19.55,11.2004464196745,49.7215937080967,"760.623534043297",1832.4014716197,7.73585265203394
"412",17.2413964172438,1.93603491043109,414,23.9124114979618,NA,NA,NA,NA,NA,NA,NA
"413",13.5416587728854,1.84354146932214,412,68.5384822644763,"Acer platanoides",19.7,10.815,35.9690171387684,"467.951921057459",573.334758144231,0.159844306683567
"414",14.3417558650336,1.86354389662584,417,47.6075164652194,"Larix sibirica",19.5,10.81,49.0197224723038,"861.817646548478",1081.00367294869,5.40931357185764
"415",15.1681860193774,1.88420465048444,420,11.01309536977,NA,NA,NA,NA,NA,NA,NA
"416",16.1166926717989,1.90791731679497,415,21.8784222838475,NA,NA,NA,NA,NA,NA,NA
"417",14.1845396346497,1.85961349086624,418,26.4592441342868,NA,NA,NA,NA,NA,NA,NA
"418",16.803891130223,1.92509727825558,419,48.2246670417858,"Betula pendula",20.71,9.95300080377772,45.6960422102936,"255.036190597079",1547.77596477383,3.96356201045288
"419",13.7718809419637,1.84929702354909,421,79.2386562187241,"Acer platanoides",15.47,5.575,26.1014106670708,"66.1586758448958",316.280391321756,1.22659016985872
"420",18.1094197089307,1.95773549272327,422,53.761637650255,"Betula pendula",18.66,8.95,44.5633840657307,"531.916571620943",1457.59225769375,3.93300778703258
"421",17.9217198188613,1.95304299547153,423,79.1604258741914,"Betula pendula",21.43,9.8,23.5549315776005,"409.396532686115",418.481422307416,0.7871181806442
"422",14.8079501062829,1.87519875265707,416,120.69205151928,"Aesculus hippocastanum",16.59,15.3012965136945,62.2879664464365,"606.055237500063",2233.35484519635,11.9083080555426
"423",17.3882082494845,1.93970520623711,428,50.5107318320467,"Larix sibirica",19.5,5.465,37.2422566835035,"209.611686149094",470.686554423021,2.91962771975881
"424",13.8352723724327,1.85088180931082,431,41.0970125684529,NA,NA,NA,NA,NA,NA,NA
"425",18.9933682835306,1.97983420708827,432,23.6777204563641,"Tilia cordata",21.24,9.51,36.2873270249521,"685.487485443739",679.916395013854,4.31245526510298
"426",21.4996597431397,2.04249149357849,425,59.8288361906889,"Picea pungens",24.96,9.40478601564118,60.1908760818371,"248.383968404886",1307.0026238045,1.42448173923191
"427",20.7944947017096,2.02486236754274,424,57.95999997411,"Betula pendula",25.8,11.79,49.6563422446713,"679.149582540687",1801.4443406759,0.185611823283352
"428",13.4896428898889,1.84224107224722,436,17.4279843942273,NA,NA,NA,NA,NA,NA,NA
"429",13.3027263120922,1.83756815780231,426,61.1152909302767,"Acer platanoides",15.73,3.0488358433999,26.5020460532519,"45.0948229135638",294.031044708136,2.3270143384319
"430",15.5881098513959,1.8947027462849,427,13.1079304064637,NA,NA,NA,NA,NA,NA,NA
"431",10.7123629442105,1.77280907360526,438,30.0404558820638,NA,NA,NA,NA,NA,NA,NA
"432",17.5209954360998,1.9430248859025,433,36.8378044116206,"Betula pendula",21.43,10.8001157401206,44.1246854365123,"634.047294702341",1450.94535817514,3.86187041146599
"433",14.6649114295434,1.87162278573858,430,72.0327714221534,"Acer platanoides",19.8,5.45179786859344,54.6900479166165,"104.744484927395",1843.06847837192,1.8213782909863
"434",18.1398418168722,1.9584960454218,439,41.0361667512025,"Tilia cordata",16.88,8.7,33.7408479354818,"547.793833011976",565.217041216783,3.85640706659359
"435",12.0769655815815,1.80692413953954,441,35.5600419568577,NA,NA,NA,NA,NA,NA,NA
"436",15.7900067615372,1.89975016903843,437,119.918440224256,"Aesculus hippocastanum",18.36,5.52109590570568,74.5613306296999,"133.296864608893",3743.9508904752,6.45771902919512
"437",13.1833699998081,1.8345842499952,440,25.537864401072,NA,NA,NA,NA,NA,NA,NA
"438",15.4174976593468,1.89043744148367,429,84.1758607606794,"Pinus sylvestris",16.6,9.62,38.1971863420549,"261.62775363363",626.857126886231,4.08872738660705
"439",16.3344556607147,1.91336139151787,442,50.067426473272,"Acer negundo",24.4,12.4604694935624,64.9227328408259,"1196.68589818439",2268.93410215151,5.30421165360468
"440",13.1976615874137,1.83494153968534,445,8.84002998871719,NA,NA,NA,NA,NA,NA,NA
"441",16.0972325524318,1.90743081381079,447,126.976556626051,"Aesculus hippocastanum",17.26,9.3535501281599,58.2115595542187,"556.865745420165",1835.70063374725,9.19991936534047
"442",14.2221323036024,1.86055330759006,435,100.13485294421,"Pyrus communis",14.73,6.28333709106873,39.5396745510288,"73.6836416218813",464.977362368152,2.73663882211709
"443",19.6008922356694,1.99502230589173,434,60.6111397495521,"Betula pendula",25.89,9.49,45.8366236104659,"349.341511550595",1540.21782036864,0.153823902784779
"444",22.3685788134555,2.06421447033639,446,57.2993880937591,"Picea pungens",25.06,6.86476510887299,36.2943068336349,"65.1050574497633",351.460852421902,0.409916205195075
"445",14.844849478155,1.87612123695388,449,37.9677984177782,NA,NA,NA,NA,NA,NA,NA
"446",16.1485844865372,1.90871461216343,443,82.1157947948638,"Acer platanoides",18.65,15.2357679491386,50.1759780287819,"442.9152207019",1409.09897484026,0.814533117242946
"447",17.4568139890436,1.94142034972609,451,28.6496940117164,"Tilia cordata",19.8,11.15,49.9746521308551,"191.10293381045",1532.53089641134,4.37079620489351
"448",16.0857842528187,1.90714460632047,452,39.4715596640727,"Acer platanoides",21.48,5.70776663853735,43.6862199679381,"28.8905909597517",972.812918386342,0.495182536133029
"449",12.7656551068377,1.82414137767094,454,7.96211156199486,NA,NA,NA,NA,NA,NA,NA
"450",15.6857855499536,1.89714463874884,455,14.7942291399246,NA,NA,NA,NA,NA,NA,NA
"451",15.8119588473101,1.90029897118275,458,27.6413916829096,NA,NA,NA,NA,NA,NA,NA
"452",17.4674926844459,1.94168731711115,453,41.1317816236094,NA,NA,NA,NA,NA,NA,NA
"453",15.8029635819984,1.90007408954996,459,57.2820035768689,"Fraxinus excelsior",15.7,6.325,35.3323973664008,"4.97349758660301",782.773576180327,0.965257894296258
"454",20.9097606632754,2.02774401658188,460,26.4244750890125,"Picea pungens",23.4,7,34.0591578216656,"62.3731007786993",365.524499333804,0.522663722087799
"455",8.98642256657752,1.72966056416444,457,38.4024115076449,"Pyrus communis",10.38,7.01,25.1464810085195,"146.713077644286",253.45671463208,0.789585438339543
"456",20.2125969685914,2.01031492421478,444,125.411949519911,"Betula pendula",25.89,10.785,48.0647928137524,"195.215779489102",1690.16897496386,0.133918972014953
"457",18.1273806126794,1.95818451531699,448,188.526460622392,"Populus nigra",20.56,17.4066955508505,80.5198188031341,"346.894506089191",4117.09162328935,7.39956655292372
"458",14.8747600624918,1.8768690015623,466,13.8033113376515,NA,NA,NA,NA,NA,NA,NA
"459",14.4350506233779,1.86587626558445,450,47.8769765709876,"Fraxinus excelsior",18.16,6.28,29.9211293012763,"4.08581683241387",531.867543785355,0.27506570782549
"460",15.153437271793,1.88383593179483,465,23.0779543826432,"Betula pendula",19.05,10.05,34.6957775940332,"409.187615922905",893.054945375828,2.82040022713693
"461",16.8532084524401,1.926330211311,468,97.2924834612425,NA,NA,NA,NA,NA,NA,NA
"462",16.8087387264343,1.92521846816086,462,57.9252309080021,NA,NA,NA,NA,NA,NA,NA
"463",16.4543886798664,1.91635971699666,471,39.4802519454136,"Tilia cordata",16.86,9.75,35.014087480217,"136.384064045786",620.961962936832,2.69812838640581
"464",8.04094917831891,1.70602372945797,473,16.4544510966448,NA,NA,NA,NA,NA,NA,NA
"465",16.0211847240675,1.90552961810169,461,110.391721582637,"Acer platanoides",18.27,13.3259783880959,56.0514697611188,"292.13632028401",1649.49365359354,3.894911786453
"466",7.90432836098779,1.7026082090247,475,15.8546850517132,"Pyrus communis",7.36,3.73,26.4197205532546,"35.2753899369917",287.914793263939,3.29439528936959
"467",22.3530570287422,2.06382642571855,476,13.5425434964552,NA,NA,NA,NA,NA,NA,NA
"468",16.3919416895629,1.91479854223907,467,52.8924114987412,NA,NA,NA,NA,NA,NA,NA
"469",15.6570816935685,1.89642704233921,464,48.8678943886024,"Acer platanoides",15.48,4.73578926896035,44.7245213218323,"15.8286710356807",915.958448662581,3.46163175330203
"470",16.3861039425398,1.9146525985635,456,96.0234132464084,"Acer platanoides",24.4,10.5187927063898,39.7058889520783,"115.358080250745",764.380075089367,0.127010345661574
"471",21.8606598693249,2.05151649673312,470,56.7604678637334,NA,NA,NA,NA,NA,NA,NA
"472",19.3132084652761,1.9878302116319,477,27.1807018453629,"Betula pendula",27.94,8.15,42.9718346348117,"398.793191853511",1357.44569178879,0.144608556683124
"473",14.9032215361217,1.87758053840304,463,96.1537971885319,"Pyrus communis",13.5,5.4,14.0056349920868,"83.4036313198089",55.9676620438241,0.024124747358343
"474",15.2966617113787,1.88741654278447,474,13.2296220612336,NA,NA,NA,NA,NA,NA,NA
"475",14.9290892825546,1.87822723206387,480,38.2894120900632,NA,NA,NA,NA,NA,NA,NA
"476",15.2369023994623,1.88592255998656,482,59.4811457525603,NA,NA,NA,NA,NA,NA,NA
"477",16.7735181244432,1.92433795311108,484,41.496856590437,"Tilia cordata",18.59,8.2,33.1042281631142,"82.6866336787929",538.528349421213,2.47524241046364
"478",18.0282812481172,1.95570703120293,487,77.1177443802068,"Acer negundo",24.41,17.7126536690582,63.1738878215363,"464.448104080016",2324.38669799094,1.89076380227044
"479",15.0713646396888,1.88178411599222,479,21.1917336497168,NA,NA,NA,NA,NA,NA,NA
"480",19.7900505924109,1.99975126481027,478,36.8117276136555,NA,NA,NA,NA,NA,NA,NA
"481",15.6942275348128,1.89735568837032,469,117.067378438126,"Acer negundo",21.32,14.34,46.4732433828334,"267.960607041519",1377.73269267245,0.982467436807724
"482",22.2751581905403,2.06187895476351,485,19.887894403729,"Betula pendula",26.17,7.45,34.3774677078494,"48.8754846621296",877.089165401289,0.091767651205714
"483",15.9179683092555,1.90294920773139,472,76.3093640839855,NA,NA,NA,NA,NA,NA,NA
"484",7.71618880373263,1.69790472009332,493,13.1253149335129,"Crataegus laevigata",3.68,5.43886477125512,13.6242580874249,"8.86501639431294",43.1686059764577,0.633797623869246
"485",16.453334958382,1.91633337395955,489,53.7268685874954,"Crataegus laevigata",9.62,14.0080949811172,24.9421744754533,"128.73985338086",169.862334309439,0.046557331669408
"486",16.6686069802929,1.92171517450732,488,30.8227594332263,NA,NA,NA,NA,NA,NA,NA
"487",15.9115196195945,1.90278799048986,492,16.5674504954496,"Tilia cordata",15.12,8.45,26.1014106670708,"77.7443285721314",294.510096802731,1.82553587294316
"488",15.6298536667993,1.89574634166998,483,53.7094840706433,"Betula pendula",16.1,9.85012690273582,38.7776699459358,"308.947042225381",1126.12727285835,8.2000825304155
"489",16.6529038568464,1.92132259642116,490,51.8232633225054,"Larix sibirica",17.86,9.05,47.109863155201,"227.87244071099",958.524330335066,3.91951057430163
"490",17.4480574102969,1.94120143525742,500,17.5931373584365,NA,NA,NA,NA,NA,NA,NA
"491",18.870977786552,1.9767744446638,496,35.9859627972227,NA,NA,NA,NA,NA,NA,NA
"492",15.6867037973836,1.89716759493459,481,100.934541038904,NA,NA,NA,NA,NA,NA,NA
"493",10.8696486475692,1.77674121618923,505,22.3999579991863,NA,NA,NA,NA,NA,NA,NA
"494",20.2992349948402,2.01248087487101,502,30.3794540943464,"Betula pendula",23.46,7.15,32.4676083907466,"63.0258411872547",784.255148802519,0.086881611876663
"495",18.4950969794865,1.96737742448716,508,30.0317635964032,"Tilia cordata",20.94,8.85,36.9239467973197,"128.420064769131",710.616727489421,2.92766192562038
"496",15.1351661984083,1.88337915496021,486,43.3656928469791,NA,NA,NA,NA,NA,NA,NA
"497",17.9985456159069,1.95496364039767,497,49.3111997312051,"Betula pendula",21.15,11.3427884578705,45.051814066953,"187.935466695888",1276.43068123083,1.78389489583322
"498",19.9277733616234,2.00319433404058,501,58.2294600702727,"Quercus robur",25.4,13.65,52.5211312203255,"193.792449030074",2137.63790437924,0.15482511683058
"499",16.0824797991502,1.90706199497876,506,20.183431298991,NA,NA,NA,NA,NA,NA,NA
"500",19.7346673607018,1.99836668401754,510,43.8959207934714,NA,NA,NA,NA,NA,NA,NA
"501",12.3691634638065,1.81422908659516,494,74.101529649149,"Acer negundo",14.74,8.355,19.0985931710274,"281.024723792548",142.565506136148,1.99318987460059
"502",18.2094076754442,1.9602351918861,507,33.5173605322717,NA,NA,NA,NA,NA,NA,NA
"503",16.7541994154224,1.92385498538556,498,21.4264247037419,"Acer negundo",17.54,8.5,24.1915513499681,"51.1210157082852",260.551068517488,1.05236804221263
"504",19.1575266767194,1.98393816691798,509,63.1058188003176,"Quercus robur",26.35,11.175,43.2901445209955,"214.963612266711",1397.35034941014,0.156278910893775
"505",23.5471636477397,2.09367909119349,499,30.8836052656609,"Betula pendula",25.94,10.1823376490863,46.3859532167734,"113.320127360599",1600.0200604544,0.180693130806162
"506",15.4249805988729,1.89062451497182,504,121.022357420206,NA,NA,NA,NA,NA,NA,NA
"507",15.0030381319488,1.88007595329872,519,6.18889020230207,NA,NA,NA,NA,NA,NA,NA
"508",16.1511404161289,1.90877851040322,495,106.332435452936,"Acer negundo",20.11,11.25,44.5633840657307,"393.675154407314",1237.87216553083,1.22637016726435
"509",16.669571575149,1.92173928937873,503,50.2151949359489,"Tilia cordata",20.65,5.9,34.6957775940332,"21.4033441281885",606.727302456934,1.99433704158918
"510",18.0916406825627,1.95729101706407,514,23.8081043661927,"Betula pendula",22.08,7.35,26.1014106670708,"158.447929187887",511.605607133642,0.519110282972861
"511",18.1993018465207,1.95998254616302,516,44.5043791011298,NA,NA,NA,NA,NA,NA,NA
"512",16.5855274536959,1.9196381863424,511,23.1822615464089,"Betula pendula",17.95,8.7398855827751,32.2499914742407,"90.1396343455752",785.418748953597,4.41026723537396
"513",15.7697420867542,1.89924355216886,520,20.374661060807,NA,NA,NA,NA,NA,NA,NA
"514",13.7148385470753,1.84787096367688,522,24.1644870727138,"Larix sibirica",15.7,8.7,27.0563403256222,"334.050948176828",178.993347158139,1.62625053841535
"515",19.5096977930672,1.99274244482668,517,28.6496940469474,"Betula pendula",25.59,10.0448992030781,37.8186439245941,"275.93038590617",1071.85884438078,0.273420569628684
"516",19.964628270206,2.00411570675515,518,22.4173425242656,NA,NA,NA,NA,NA,NA,NA
"517",17.9625909593854,1.95406477398463,491,115.355002926166,"Acer negundo",22.4,16.9103518591424,56.0668326419776,"488.15980432657",1879.17418295475,2.86148362666575
"518",17.6018458712015,1.94504614678004,513,49.4850449612995,NA,NA,NA,NA,NA,NA,NA
"519",15.2967882686857,1.88741970671714,525,25.5204798941184,"Betula pendula",17.18,9.11660572801084,30.8218659044283,"150.022316918932",718.49728259331,5.92499883085009
"520",17.3648092803285,1.93912023200821,512,72.9715356396702,"Betula pendula",18.1,12.7647953371764,43.6885392002795,"331.349424287231",1280.24569246548,6.88618561698167
"521",20.7385373216001,2.02346343304,530,33.9780503839499,"Picea pungens",24.4,6.755,49.6563422446713,"461.472581229034",972.833561725566,1.13106972938738
"522",15.9961013494324,1.90490253373581,532,53.6660227462423,"Tilia cordata",17.62,8.075,41.3802852038928,"403.367687591645",949.06315569061,5.27671134602167
"523",19.3906672630382,1.98976668157595,529,49.6241211502819,"Betula pendula",20.81,11.9710066410474,43.7024520096764,"138.040192544402",1423.81843736942,1.72118989534556
"524",17.1290546657021,1.93322636664255,524,47.1033653033259,NA,NA,NA,NA,NA,NA,NA
"525",19.7207661576433,1.99801915394108,531,30.1360707701434,"Betula pendula",25.3,7.2,24.5098612361519,"30.6125462538112",452.331315329083,0.074190832695251
"526",17.8940313455482,1.95235078363871,521,61.2282903013504,"Betula pendula",19.67,7.2,30.2394391874601,"293.49858101068",682.375948407864,1.97892136188023
"527",18.9670106121229,1.97917526530307,536,18.7144390863846,NA,NA,NA,NA,NA,NA,NA
"528",18.2237126955283,1.96059281738821,527,46.1385242710642,NA,NA,NA,NA,NA,NA,NA
"529",17.1783340754338,1.93445835188585,533,35.3427354300392,NA,NA,NA,NA,NA,NA,NA
"530",18.9635964959019,1.97908991239755,515,109.670263892064,"Tilia cordata",24,10.6052864176315,42.5976651690046,"66.3243658231004",914.521980298198,3.81460636739067
"531",19.1765693288105,1.98441423322026,526,56.6213916925836,NA,NA,NA,NA,NA,NA,NA
"532",20.3324917909104,2.01331229477276,534,19.8705098676604,NA,NA,NA,NA,NA,NA,NA
"533",16.2742749971067,1.91185687492767,538,32.8045950829185,NA,NA,NA,NA,NA,NA,NA
"534",21.2773122215004,2.03693280553751,539,29.4928434232291,"Picea pungens",23.29,5.305,38.1971863420549,"168.976457011179",492.273200927329,0.582121562580937
"535",17.7825310914821,1.94956327728705,528,59.9418356107235,"Betula pendula",15.3,7.25,22.9183118052329,"141.652588111068",396.630614234462,3.4896619036312
"536",16.9276368275427,1.92819092068857,523,123.986418649809,"Tilia cordata",20.35,11.3111913607719,52.3375410176157,"424.245224073934",1353.25042792254,5.59384888304223
"537",16.8993676715156,1.92748419178789,540,17.341061769808,"Tilia cordata",20.3,7.69,40.7436654315252,"422.334051627573",912.424273221281,5.15248236596813
"538",19.9773914785978,2.00443478696494,535,75.2576004534293,"Betula pendula",22.46,17.3275070336157,70.8766836483417,"522.166974758975",3721.11361780714,4.89270953617769
"539",11.7456311102348,1.79864077775587,542,29.0147690438016,NA,NA,NA,NA,NA,NA,NA
"540",10.8918100449102,1.77729525112276,543,33.899820003741,NA,NA,NA,NA,NA,NA,NA
"541",19.4271088972954,1.99067772243239,541,35.4905038701621,"Betula pendula",22.7,6.75,34.0591578216656,"199.771167455589",861.264275100815,0.214899755895885
"542",19.2703760654986,1.98675940163746,537,62.601667636655,"Betula pendula",20.26,10.79,32.7859182769304,"164.036843424415",799.374739313592,1.30879636741491
"543",13.9554161835872,1.85388540458968,544,29.0234612888262,"Acer negundo",16.65,13.4354475176676,35.5881271708588,"235.983320308834",576.831459839244,4.11906278129944
"544",18.9631371768597,1.97907842942149,545,30.3620695620223,NA,NA,NA,NA,NA,NA,NA
"545",13.194315161349,1.83485787903373,548,21.6350389649303,NA,NA,NA,NA,NA,NA,NA
"546",21.0233534009673,2.03058383502418,547,19.8878943937924,"Picea pungens",22.61,5.72,39.7887357729738,"227.645931079174",547.312770921647,0.837595283601672
"547",16.5724016391946,1.91931004097986,546,31.9092921181468,"Tilia cordata",18.55,6.745,34.3774677078494,"300.110731148646",592.692255908662,3.75922519051335
"548",15.5404799423049,1.89351199855762,552,12.3951649628305,NA,NA,NA,NA,NA,NA,NA
"549",13.3880580333679,1.8397014508342,553,24.0862567378027,NA,NA,NA,NA,NA,NA,NA
"550",13.9868196727123,1.85467049181781,557,33.865050983441,NA,NA,NA,NA,NA,NA,NA
"551",16.225293168348,1.9106323292087,555,20.1138932071291,NA,NA,NA,NA,NA,NA,NA
"552",19.1903241739342,1.98475810434835,551,26.4679363949894,"Betula pendula",19.58,7.15,33.422538049298,"80.5035954660733",830.037388146831,1.85393206943593
"553",8.73690623625363,1.72342265590634,556,11.9866286603086,NA,NA,NA,NA,NA,NA,NA
"554",8.63485851448618,1.72087146286216,560,6.01504499819138,NA,NA,NA,NA,NA,NA,NA
"555",22.4678643258843,2.06669660814711,554,18.6275164947596,"Picea pungens",24.93,5.06,49.0197224723038,"266.41097702122",940.782298856402,0.974744459056978
"556",12.1902514764652,1.80975628691163,549,45.6256808273251,NA,NA,NA,NA,NA,NA,NA
"557",14.179511714184,1.8594877928546,550,56.7691601179131,"Acer negundo",16.67,16.75,41.6985950900766,"324.239611770765",1044.87893602062,3.30636177003294
"558",14.0363964504977,1.85590991126244,565,38.81094778516,NA,NA,NA,NA,NA,NA,NA
"559",18.2900430134402,1.96225107533601,562,25.5552489316052,"Betula pendula",24.53,10.35,38.1971863420549,"63.2579569072896",1077.96174165875,0.113447912748711
"560",13.4255900806868,1.84063975201717,563,6.65827232337668,NA,NA,NA,NA,NA,NA,NA
"561",14.0355626392934,1.85588906598234,558,79.4820395449785,NA,NA,NA,NA,NA,NA,NA
"562",14.6113360092439,1.8702834002311,564,48.19859021101,"Tilia cordata",16.62,8.25,28.6478897565412,"103.750746946073",373.045586978324,1.73372651548917
"563",16.3203551076081,1.9130088776902,561,51.7624174653191,NA,NA,NA,NA,NA,NA,NA
"564",16.5648089923103,1.91912022480776,559,27.893467302243,NA,NA,NA,NA,NA,NA,NA
"565",18.2455688062413,1.96113922015603,569,28.4236952283576,"Betula pendula",19.63,4.25,32.1492985045629,"5.98807793707456",769.27679252615,1.48235558423158
"566",11.4840400984565,1.79210100246141,568,16.8369106282543,"Thuja occidentalis",13.29,2.695,19.4169030572112,"16.6414551532609",87.3480609534335,0.427566507527068
"567",11.5704537386349,1.79426134346587,571,15.5591481616447,NA,NA,NA,NA,NA,NA,NA
"568",8.21042226016543,1.71026055650414,574,14.3509237901097,"Crataegus laevigata",8.38,5.87,21.6450722604978,"38.4744155324493",172.126810272775,0.02894493282048
"569",20.1262446214095,2.00815611553524,567,65.5048830053817,"Betula pendula",23.37,11.2805141726785,42.2969046098265,"666.344821348411",1333.95991468644,1.74933081258859
"570",21.0067542232254,2.03016885558063,572,42.6703118867904,"Picea pungens",21.6,8.19015262373052,49.4149828066381,"160.658920907803",910.395248484541,1.46023485318214
"571",14.8940433735642,1.8773510843391,577,14.4726154674497,NA,NA,NA,NA,NA,NA,NA
"572",20.2449422381272,2.01112355595318,566,303.464234984455,"Quercus robur",26.05,16.3155156216406,74.9726215610894,"324.96717844511",3814.23117337568,5.6207489121826
"573",11.3392042232242,1.7884801055806,573,34.5343551167884,NA,NA,NA,NA,NA,NA,NA
"574",15.2845529194631,1.88711382298658,578,58.0643071141821,NA,NA,NA,NA,NA,NA,NA
"575",16.0448645192702,1.90612161298176,576,43.4526154119041,"Betula pendula",17.3,12.2456114588043,33.3086619497631,"191.346334810008",665.311493990656,4.48808309078185
"576",13.2736524143492,1.83684131035873,575,65.9221115450862,"Acer negundo",12.62,7.8,32.4676083907466,"80.3558686776268",551.89943280775,3.38805198767676
"577",12.9709496775017,1.82927374193754,580,22.8606478364889,NA,NA,NA,NA,NA,NA,NA
"578",14.6182680284862,1.87045670071216,579,62.0540551473811,"Tilia cordata",16.35,10.15,65.2535266676771,"598.942340271971",3017.18092936623,10.627611735883
"579",13.4111347632556,1.84027836908139,582,13.8902339563509,"Acer negundo",14.61,4.25,14.6422547644544,"23.8564739971998",72.3870247111309,0.988896358153617
"580",18.5810491152422,1.96952622788106,570,139.354337022238,"Quercus robur",29.75,14.7636665500139,48.0468713664795,"262.235526789256",1519.89125187706,0.172769167861645
"581",10.9388185939459,1.77847046484865,584,27.6500839570707,"Thuja occidentalis",7.3,4.49,11.1408460164327,"32.9942610527053",23.0477522077271,0.233682466803421
"582",19.6134029213458,1.99533507303364,585,40.9840131772781,"Picea pungens",21.71,5.425,39.1521160006063,"48.1665132709795",524.866290025158,0.61198109973725
"583",16.9324273371017,1.92831068342754,581,80.5772645143333,"Tilia cordata",28.72,6.265,35.6507072525846,"293.397073358653",650.034064033433,2.13324187368926
"584",12.3180230394629,1.81295057598657,587,13.3426214679724,NA,NA,NA,NA,NA,NA,NA
"585",14.6994153082203,1.87248538270551,589,22.8258788276286,"Betula pendula",19.28,7.165,29.9211293012763,"224.854406453393",668.38793259164,2.06397192826751
"586",12.7109550154023,1.82277387538506,588,18.8100539807376,NA,NA,NA,NA,NA,NA,NA
"587",15.6726769287863,1.89681692321966,586,38.0112597398946,"Acer negundo",22.8,9.635,20.3718327157626,"74.4428039760906",168.078483325575,0.051100976631872
"588",13.8591211394569,1.85147802848642,583,53.08364123955,"Acer negundo",14.63,8.6,23.5549315776005,"217.883229533083",243.415929039572,2.95761289608313
"589",19.0141269180058,1.98035317295015,591,45.4170665427959,"Tilia cordata",24.05,7.535,41.3802852038928,"374.378009912266",949.06315569061,4.441677479389
"590",16.2534840132978,1.91133710033245,590,53.9007138332679,NA,NA,NA,NA,NA,NA,NA
"591",11.4312565523106,1.79078141380776,595,14.4726154850055,"Thuja occidentalis",11.23,4.74137374607824,24.2793460873871,"47.9802586453029",132.135388761287,0.742914639142413
"592",15.9951948300355,1.90487987075089,594,35.4905038719585,NA,NA,NA,NA,NA,NA,NA
"593",18.2720151755782,1.96180037938945,596,36.4814217052677,"Picea pungens",20.2,5.055,35.9690171387684,"189.865747985547",421.148449956261,0.990555708754698
"594",17.6591040029711,1.94647760007428,592,79.7341151208267,"Acer negundo",20.4,8.88,30.8760589598277,"1.85980024040019",485.48790855773,0.122850853299212
"595",17.1566709959332,1.93391677489833,593,53.6486382434401,"Fraxinus excelsior",23.21,12.2124946264062,38.1507379092749,"61.3586564082822",771.638060222534,0.138871554307571
"596",17.6973734074267,1.94743433518567,598,53.2748709887595,"Tilia cordata",21.43,6.945,38.1971863420549,"258.195008719419",774.502172115867,3.92751504640341
"597",12.3557161130904,1.81389290282726,599,15.0376124436468,"Thuja occidentalis",11.86,5.29876400682272,21.5253750907251,"50.7090854412864",98.0372135068819,0.661291421238164
"598",14.4216823940559,1.8655420598514,597,32.378674239954,NA,NA,NA,NA,NA,NA,NA
"599",13.4720807354225,1.84180201838556,601,24.859868003755,NA,NA,NA,NA,NA,NA,NA
"600",13.4726205989894,1.84181551497474,602,18.9230533666591,NA,NA,NA,NA,NA,NA,NA
"601",12.295103957609,1.81237759894023,603,9.78748648804704,"Thuja occidentalis",12.84,3.8,16.8704239677409,"22.3197504069316",62.3484825880758,0.357119017349497
"602",18.03348240466,1.9558370601165,600,88.6610677287262,NA,NA,NA,NA,NA,NA,NA
"603",16.9318091734899,1.92829522933725,605,49.2503538897728,NA,NA,NA,NA,NA,NA,NA
"604",17.7314597496599,1.9482864937415,606,39.5497900251032,"Tilia cordata",19.18,9.37,41.3802852038928,"491.223950146058",949.06315569061,4.9982888063912
"605",13.0390621531757,1.83097655382939,607,23.9384883008544,NA,NA,NA,NA,NA,NA,NA
"606",14.6099995601009,1.87024998900252,604,50.1804258759082,NA,NA,NA,NA,NA,NA,NA
"607",19.2715343248427,1.98678835812107,611,60.402525486193,"Tilia cordata",23.4,6.585,12.7323954473516,"63.3217317327628",47.5832529471361,0.678368708032199
"608",13.6813195129702,1.84703298782426,608,83.6543251153521,"Malus domestica",18.41,7.105,33.7408479354818,"82.4488033983032",541.269827462684,0.065258265117336
"609",17.560912903343,1.94402282258358,610,61.5325194487894,NA,NA,NA,NA,NA,NA,NA
"610",17.6747990503117,1.94686997625779,609,68.1994840852704,"Tilia cordata",21.79,8.545,26.4197205532546,"84.17885557086",303.716113057014,1.96959416678584
"611",19.4315997014442,1.99078999253611,612,44.626070768935,"Betula pendula",26.36,14.895,65.8901464400447,"916.941133163497",3133.73817184627,0.230523755155218
"612",17.9358515708027,1.95339628927007,613,33.630359906151,"Betula pendula",19.58,6.4,37.5605665696873,"261.494226212855",1043.07801608519,2.63879345538771
"613",13.8936006726744,1.85234001681686,617,54.9872465275117,NA,NA,NA,NA,NA,NA,NA
"614",14.9156065397893,1.87789016349473,616,65.3918835727839,"Acer platanoides",16.3,10.6922869396589,40.5767080255162,"651.071524780395",807.000336700129,4.34746564728701
"615",18.1558634975582,1.95889658743896,619,36.3858068168408,NA,NA,NA,NA,NA,NA,NA
"616",18.3077419553035,1.96269354888259,615,73.6234552778077,NA,NA,NA,NA,NA,NA,NA
"617",16.5631448448477,1.91907862112119,618,57.1168505909145,NA,NA,NA,NA,NA,NA,NA
"618",12.2730866756789,1.81182716689197,623,15.1158428118731,NA,NA,NA,NA,NA,NA,NA
"619",15.3316252363858,1.88829063090964,620,83.6195560162329,NA,NA,NA,NA,NA,NA,NA
"620",21.3742584065892,2.03935646016473,614,245.495542723881,"Quercus robur",27.35,14.05,52.8394411065093,"409.977253121576",2166.23559354754,0.198485039067009
"621",16.1224147668956,1.90806036917239,625,66.1481103250695,"Betula pendula",17.2,7.5,35.014087480217,"313.449247526757",909.16155954368,4.16438029639221
"622",15.2280003918644,1.88570000979661,621,43.7220755442692,"Acer negundo",15,14.7054411698527,57.3841308061382,"256.707688684154",2000.78719005362,7.50236087837504
"623",12.2120193986907,1.81030048496727,631,13.2817756509826,"Thuja occidentalis",13.53,2.65,34.3774677078494,"58.9221019091489",343.766571676178,1.09522520028813
"624",12.2777442206619,1.81194360551655,633,23.8081043698775,"Thuja occidentalis",13.55,6.37192671018743,43.9936046481297,"117.480929588807",501.785750207296,2.03353168723758
"625",7.22121405598346,1.68553035139959,636,5.46743250995404,NA,NA,NA,NA,NA,NA,NA
"626",12.5723635831111,1.81930908957778,632,13.1340071841108,"Thuja occidentalis",13.58,3.9,27.0563403256222,"42.3178758061617",193.564647290855,0.646169590403701
"627",18.1502047600635,1.95875511900159,628,87.139921964147,"Tilia cordata",25.2,4.565,50.2929620170389,"213.576666968344",1557.43982662538,6.35255880285649
"628",10.9788662638924,1.77947165659731,629,34.0823575316304,NA,NA,NA,NA,NA,NA,NA
"629",11.04631176639,1.78115779415975,635,25.9724775056508,"Thuja occidentalis",10.93,7.03855098724162,41.9082497517647,"191.270107490725",436.392985918954,2.40728351682336
"630",13.6232093269506,1.84558023317376,626,29.8144570847798,NA,NA,NA,NA,NA,NA,NA
"631",14.0720596458732,1.85680149114683,624,47.7639771584311,NA,NA,NA,NA,NA,NA,NA
"632",15.1912013752837,1.88478003438209,622,55.1523995167873,"Acer negundo",15,6.13684772501323,47.674278090653,"59.3510771117023",1244.63073864197,6.58102565696774
"633",12.0942321831137,1.80735580457784,630,69.4424774352048,"Acer negundo",18.45,7.8730124475959,22.5124090354403,"83.210109173151",184.092005688386,1.58271274067013
"634",12.4590442869911,1.81647610717478,627,40.8623214998078,"Acer negundo",11.84,7.4,24.1915513499681,"61.9933413466729",260.551068517488,2.14885722371889
"635",13.9983266273728,1.85495816568432,638,61.8019795708816,"Acer negundo",15.45,8.38525491562421,45.8509895138029,"245.757984153544",1105.16808750395,6.84984283845574
"636",18.4156754790556,1.96539188697639,637,35.2558127843087,NA,NA,NA,NA,NA,NA,NA
"637",13.6133905484065,1.84533476371016,639,58.8466106412983,"Acer negundo",15,12.2588223333239,74.3572166650873,"307.239020168396",3975.25896555464,11.9995523236552
"638",11.5556044567377,1.79389011141844,642,31.8310617867034,NA,NA,NA,NA,NA,NA,NA
"639",18.6300714381816,1.97075178595454,634,100.29131369689,"Quercus robur",26.31,17.55,108.225361302489,"885.802402197873",10484.1962422575,0.439691772971855
"640",17.0589877150207,1.93147469287552,641,51.5538032280359,NA,NA,NA,NA,NA,NA,NA
"641",18.6467264179105,1.97116816044776,643,43.5395380736112,NA,NA,NA,NA,NA,NA,NA
"642",19.0202732459067,1.98050683114767,640,50.1282723088867,"Tilia cordata",20.31,10.25,64.6169068953095,"831.183135670283",2354.39496982292,12.6046387639456
"643",14.5804582149866,1.86951145537466,646,40.7145530693501,"Fraxinus excelsior",7.73,3.325,8.59436692696235,"20.6737905152667",29.2657430854976,0.740652552655309
"644",18.5050972645813,1.96762743161453,644,37.6722615176539,"Acer negundo",17.1,6.85,50.2929620170389,"230.102358699171",1685.2744439029,7.12578747659586
"645",13.8310707314848,1.85077676828712,648,17.9495200927755,NA,NA,NA,NA,NA,NA,NA
"646",14.0802387664554,1.85700596916139,645,64.8529633938411,"Acer negundo",12.1,9.85,25.783100780887,"96.1085708675424",306.53431607521,1.77694703673529
"647",14.5228057631823,1.86807014407956,649,28.0673125155359,NA,NA,NA,NA,NA,NA,NA
"648",17.5520777027833,1.94380194256958,654,29.7014576809334,"Acer negundo",17.3,8.43,44.5633840657307,"310.019810739797",1237.87216553083,5.70939358508679
"649",10.045002271574,1.75612505678935,652,13.2817756336005,NA,NA,NA,NA,NA,NA,NA
"650",12.2003860137217,1.81000965034304,651,46.8078283862426,NA,NA,NA,NA,NA,NA,NA
"651",17.7354275375113,1.94838568843778,647,146.11691656557,NA,NA,NA,NA,NA,NA,NA
"652",17.1325178244697,1.93331294561174,650,52.770719829791,"Tilia cordata",16.84,11.975,53.157750992693,"582.151040796095",1792.69332806711,6.93657706165891
"653",13.8949900260786,1.85237475065196,655,29.4928433944668,"Acer negundo",16.48,8.405,36.2873270249521,"421.684208620426",732.957777554155,4.74823275201601
"654",14.020454787999,1.85551136969997,653,42.739849998406,NA,NA,NA,NA,NA,NA,NA
"655",19.502777589103,1.99256943972758,656,32.5785962405646,"Tilia cordata",16.1,8.3,47.109863155201,"111.189327480641",1319.18603655891,4.79113994160332
"656",17.5390527696742,1.94347631924185,657,39.541097763885,"Tilia cordata",14.1,6.87,34.3774677078494,"150.97385721794",592.692255908662,3.75922519051335
"657",10.1010269746708,1.75752567436677,665,5.57173964741044,"Thuja occidentalis",9.91,4.35,26.4197205532546,"121.264213838142",146.256550622444,1.26240312471253
"658",12.211738454859,1.81029346137147,661,25.2249430064919,NA,NA,NA,NA,NA,NA,NA
"659",13.5168141942291,1.84292035485573,662,33.3695920497271,NA,NA,NA,NA,NA,NA,NA
"660",18.3466434076138,1.96366608519034,658,92.4943550354362,"Betula pendula",24.45,11.28,46.7915532690172,"142.364451946672",1603.64840624418,0.130521216965576
"661",14.0038336669251,1.85509584167313,663,27.2154709115739,"Acer negundo",19.64,9.22,32.4676083907466,"84.7088768216167",551.89943280775,1.11208302112044
"662",14.1371432558762,1.85842858139691,664,37.6374924758744,NA,NA,NA,NA,NA,NA,NA
"663",17.4775821362787,1.94193955340697,660,29.8579184072868,NA,NA,NA,NA,NA,NA,NA
"664",14.117625943505,1.85794064858763,666,12.8210857769133,NA,NA,NA,NA,NA,NA,NA
"665",16.2618815235713,1.91154703808928,659,197.540335809478,"Acer platanoides",27.3,16.6931722569439,50.7112705621361,"704.058381734083",1062.97446758274,0.566189946313209
"666",13.5707629334011,1.84426907333503,667,58.2903059204042,NA,NA,NA,NA,NA,NA,NA
"667",24.1294223821808,2.10823555955452,668,42.3052369309576,"Picea pungens",25.5,7.2,59.5239487163689,"678.01787635792",1557.44371300813,1.27516991366576
"668",10.7063111509451,1.77265777877363,676,0.451997598725081,NA,NA,NA,NA,NA,NA,NA
"669",12.4204513379827,1.81551128344957,670,21.4959628006671,"Thuja occidentalis",8,3.13129366237023,19.6116091411774,"13.9661646626264",78.8755686764404,0.59452002930111
"670",17.4730727901826,1.94182681975457,671,61.4455968581848,"Tilia cordata",16.1,8.1,49.3380323584876,"278.398923500366",1483.44129113881,6.54985117778062
"671",12.2624087897384,1.81156021974346,674,12.0300899675988,"Thuja occidentalis",10.9,3.05,11.7774657888003,"18.2694994633632",26.3335272299853,0.252501282862763
"672",15.997236673015,1.90493091682538,678,32.8045950391511,"Acer negundo",17.22,9.55,38.1971863420549,"418.513989999907",835.416730591417,4.07868052354843
"673",20.1161507939856,2.00790376984964,677,45.1823754871482,"Betula pendula",22.1,11.9551244242793,47.2858951551,"480.889781574928",1661.34431420381,1.8560343524997
"674",25.2997707717187,2.13749426929297,669,88.7479903606618,"Populus alba",23,7,62.0704278058392,"42.2225628573809",2546.24627102158,5.2644188854581
"675",19.5192173276006,1.99298043319002,682,44.4000719318559,"Picea pungens",20.6,6.36,43.2901445209955,"352.222066379547",681.295588863477,1.79880398486574
"676",14.2672268545645,1.86168067136411,672,37.1941871328754,"Acer negundo",17.3,9.7,28.966199642725,"142.02467707106",412.517038093362,1.93682784886568
"677",15.8035882876411,1.90008970719103,681,23.3908758205674,NA,NA,NA,NA,NA,NA,NA
"678",16.6617332581281,1.9215433314532,675,66.9304138630394,NA,NA,NA,NA,NA,NA,NA
"679",12.9403063900031,1.82850765975008,686,21.0091961530263,NA,NA,NA,NA,NA,NA,NA
"680",16.2826457254598,1.9120661431365,673,70.9375464637282,NA,NA,NA,NA,NA,NA,NA
"681",21.288679903284,2.0372169975821,679,128.367318487124,"Betula pendula",20.04,13.1829435256319,55.7069583858024,"549.742155917099",1905.40370448826,6.0663148642902
"682",19.9933244618358,2.00483311154589,692,33.5260527782296,NA,NA,NA,NA,NA,NA,NA
"683",18.8035700167382,1.97508925041845,687,44.182765395904,"Tilia cordata",15.9,10,43.9267642933631,"498.056511615706",1104.47149546319,5.17369122685375
"684",19.4787856795137,1.99196964198784,689,30.3794540976676,NA,NA,NA,NA,NA,NA,NA
"685",25.0910349864491,2.13227587466123,699,65.3049610023833,"Tilia cordata",18.74,7.45,31.8309886183791,"72.5185464919249",487.478306882881,2.47643669571431
"686",15.5568820121243,1.89392205030311,684,37.2202639361155,NA,NA,NA,NA,NA,NA,NA
"687",14.7264817857974,1.87316204464494,680,54.4830953611628,NA,NA,NA,NA,NA,NA,NA
"688",22.5917502605394,2.06979375651349,693,37.8026454668052,"Betula pendula",18.7,9.85,32.4676083907466,"119.613177692609",784.255148802519,2.02318646401443
"689",15.3618942007812,1.88904735501953,685,57.7166166523545,NA,NA,NA,NA,NA,NA,NA
"690",14.9062113423548,1.87765528355887,683,76.5179783478222,NA,NA,NA,NA,NA,NA,NA
"691",11.763381331024,1.7990845332756,694,40.4103238992539,NA,NA,NA,NA,NA,NA,NA
"692",22.8274027088615,2.07568506772154,691,65.626574643681,"Betula pendula",18.9,9.9,47.7464829275686,"106.615241270469",1668.3304045357,2.2982119810988
"693",21.7456674483858,2.04864168620965,697,41.5750869664509,"Betula pendula",18.9,7.8,44.2450741795469,"68.0726357486065",1437.28410109187,2.74765017225729
"694",21.789644710351,2.04974111775877,690,69.1469405744737,"Betula pendula",25.38,6.75,43.9267642933631,"48.1467884131694",1417.11532302499,0.11603577278288
"695",22.5890946749314,2.06972736687329,688,202.121157647675,"Ulmus laevis",25.06,16.4,68.7549354156988,"383.375110570981",3447.48590526033,0.218955637566523
"696",20.9694629790702,2.02923657447676,695,38.0025674559869,"Betula pendula",26.39,9.1,44.2450741795469,"610.833434812361",1437.28410109187,0.166203181307196
"697",18.8239881670239,1.9755997041756,696,39.7149430066835,"Tilia cordata",15.4,10.15,37.2422566835035,"436.121461862657",726.276055765419,4.01435702980768
"698",19.9933532086068,2.00483383021517,700,16.6369886102128,"Betula pendula",18.24,11.75,54.1126806512444,"550.446992477758",2131.446781383,5.18926531345551
"699",15.0584106412702,1.88146026603176,704,24.9815596610103,"Thuja occidentalis",13.5,5.475,29.1283983737681,"44.8156184468201",186.18217822717,1.09324798249009
"700",23.0725560930525,2.08181390232631,698,54.6047869965914,"Betula pendula",25.36,9.2,45.5183137242821,"126.269294099541",1519.35257338522,0.127119508280771
"701",21.0650125178342,2.03162531294586,701,41.8619316157496,"Picea pungens",23.6,4.72,40.1070456591576,"225.039733265479",558.753425665992,0.950517188040465
"702",21.1025780570242,2.03256445142561,703,61.6629033984727,"Betula pendula",24.36,8.45,47.109863155201,"66.57566806432",1625.07008031932,0.13137102201415
"703",20.2067198315955,2.01016799578989,702,47.3380563518101,NA,NA,NA,NA,NA,NA,NA
"704",15.9730979107727,1.90432744776932,711,49.5545830856355,"Salix alba",19.37,5.9,16.2338041953733,"11.3315401460827",78.6436913447793,0.802049677627672
"705",19.6513675300279,1.9962841882507,705,61.8454408609633,"Betula pendula",22.55,12.75,47.7464829275686,"929.384973350002",1668.3304045357,0.475412044359246
"706",13.5247178663988,1.84311794665997,708,21.3742711343001,NA,NA,NA,NA,NA,NA,NA
"707",11.0607064068218,1.78151766017054,709,34.9689681808504,NA,NA,NA,NA,NA,NA,NA
"708",15.2313313339442,1.88578328334861,706,97.5880203495527,NA,NA,NA,NA,NA,NA,NA
"709",19.7138938731402,1.99784734682851,712,44.8433772773728,NA,NA,NA,NA,NA,NA,NA
"710",15.6293972394899,1.89573493098725,715,6.58873425718911,NA,NA,NA,NA,NA,NA,NA
"711",17.7902039948832,1.94975509987208,707,38.4197960201502,"Pyrus communis",10.21,7.4,34.3774677078494,"91.0500746929281",568.020821700452,1.2325582108349
"712",22.6268440646046,2.07067110161511,713,64.6095800539056,"Picea pungens",25.2,6.785,57.2957795130823,"590.331077711396",1410.5673387323,1.30868961685781
"713",21.9566861626287,2.05391715406572,710,65.7656508324247,NA,NA,NA,NA,NA,NA,NA
"714",16.0158760653084,1.90539690163271,720,88.5654528702718,NA,NA,NA,NA,NA,NA,NA
"715",21.1744422254212,2.03436105563553,718,51.0061907347082,NA,NA,NA,NA,NA,NA,NA
"716",20.495904525029,2.01739761312573,714,133.287138484984,"Quercus robur",26,14.45,55.0676103097958,"1046.53899677714",2372.23977803276,0.247673007770572
"717",16.2332618866848,1.91083154716712,717,95.7278763670796,"Acer platanoides",20,9.15,26.1014106670708,"360.403681862296",316.280391321756,0.080805797631427
"718",11.7687871549035,1.79921967887259,719,33.230515873221,NA,NA,NA,NA,NA,NA,NA
"719",15.7695057878055,1.89923764469514,722,82.8894060670948,NA,NA,NA,NA,NA,NA,NA
"720",11.9676223244291,1.80419055811073,721,27.389316107121,"Pyrus communis",11.97,5.3,23.8732414637843,"18.5729721904468",221.649372838384,0.044035115191605
"721",16.6244630622887,1.92061157655722,723,28.6583863200612,NA,NA,NA,NA,NA,NA,NA
"722",24.3295431240278,2.1132385781007,716,156.886628576134,"Populus alba",26.9,19.9743266469736,115.987597614912,"1576.87188704204",9565.87159119737,6.58791791305987
"723",18.8641416277006,1.97660354069251,727,34.560431896845,NA,NA,NA,NA,NA,NA,NA
"724",11.0676463469235,1.78169115867309,729,1.89491300901409,NA,NA,NA,NA,NA,NA,NA
"725",12.462758564238,1.81656896410595,728,38.7240251812975,NA,NA,NA,NA,NA,NA,NA
"726",16.2596641784509,1.91149160446127,725,32.9958248120921,NA,NA,NA,NA,NA,NA,NA
"727",16.8630333757177,1.92657583439294,724,61.9845170530499,"Acer negundo",23.6,14.65,61.1154981472878,"2282.99899208445",2216.54684785546,0.386411535899697
"728",22.9302411303534,2.07825602825883,726,55.9607798267658,"Picea pungens",26.9,8.0357731426416,67.2447998344399,"134.205960605581",1587.32885172414,1.55409795637686
"729",16.6580149246009,1.92145037311502,733,40.8362447373288,NA,NA,NA,NA,NA,NA,NA
"730",7.98291865498694,1.70457296637467,734,10.6393281254329,"Acer platanoides",7.8,5.15,9.54929658551372,"116.294883620554",19.4632669378957,1.18374273750289
"731",16.1392934611077,1.90848233652769,730,42.1922375361632,NA,NA,NA,NA,NA,NA,NA
"732",11.9773303702008,1.80443325925502,737,24.7729454006794,NA,NA,NA,NA,NA,NA,NA
"733",12.3481494068971,1.81370373517243,732,25.4422495452115,"Acer negundo",12.9,7,36.2873270249521,"179.069533703712",732.957777554155,5.44750312950282
"734",13.8271753323295,1.85067938330824,735,91.6772825007404,NA,NA,NA,NA,NA,NA,NA
"735",16.6395560638263,1.92098890159566,736,44.2001499448993,"Acer negundo",18.84,7.85,28.6478897565412,"138.436722308579",401.051882565665,1.8846936715174
"736",16.5292271760438,1.9182306794011,738,23.7559507822558,NA,NA,NA,NA,NA,NA,NA
"737",16.3888420724226,1.91472105181057,731,52.3882603292339,NA,NA,NA,NA,NA,NA,NA
"738",13.310925862559,1.83777314656398,742,20.0269705912733,NA,NA,NA,NA,NA,NA,NA
"739",12.2126428329337,1.81031607082334,740,38.2372585338249,"Crataegus laevigata",12.26,6.55,26.4197205532546,"164.905086946726",287.914793263939,0.053454153095373
"740",7.37006757723806,1.68925168943095,741,13.7424654938151,"Crataegus laevigata",7.8,6.85,20.3718327157626,"112.302406882574",147.197179752243,0.035442693231801
"741",8.50683106858158,1.71767077671454,744,1.69499098967012,NA,NA,NA,NA,NA,NA,NA
"742",19.4462584938124,1.99115646234531,745,30.292531465781,"Tilia cordata",16.4,10.85,38.8338061144225,"635.677586750157",807.702520877959,4.7860700052529
"743",7.31976685121683,1.68799417128042,746,8.69226154496366,"Crataegus laevigata",7.62,5.5,23.2366216914167,"79.8754807737184",206.715168019577,0.04606106661052
"744",7.44924124390038,1.69123103109751,749,9.26595080310395,"Crataegus laevigata",8.19,5.45,17.1887338539247,"73.4768545471688",94.9454092655908,0.028601003173087
"745",9.24576252282643,1.73614406307066,743,22.1218056241899,"Crataegus laevigata",9.45,6.2,27.0563403256222,"56.4544611131647",306.162030947515,0.046252948570157
"746",10.7175085380218,1.77293771345055,747,23.5994900990456,NA,NA,NA,NA,NA,NA,NA
"747",20.4228783192153,2.01557195798038,739,93.076736572421,"Picea pungens",23,7.05761999543756,55.0372429012512,"111.977398580913",1036.87489044582,2.24246434639576
"748",9.14830745020875,1.73370768625522,752,33.9345890622351,"Crataegus laevigata",12.68,10.0131163980052,33.1241165567155,"247.14183258305",422.724150314483,0.088680583572
"749",8.6905671662648,1.72226417915662,750,22.5477264338391,"Crataegus laevigata",15.87,6.95,19.735212943395,"264.91787786446",135.617285604777,0.035580840994342
"750",10.2080961231397,1.76020240307849,753,5.89335330947669,NA,NA,NA,NA,NA,NA,NA
"751",15.7232103389421,1.89808025847355,748,73.8668385869512,"Acer negundo",15.83,15.1730847226264,57.6483722534182,"328.699247658641",1973.64443551817,9.86738650439316
"752",19.1103605363187,1.98275901340797,751,34.525662844353,"Tilia cordata",15.3,11.75,45.8366236104659,"502.785084153622",984.418967806603,7.90402016805751
"753",15.2654107576057,1.88663526894014,760,65.513575226197,"Crataegus laevigata",11.76,6.95,29.2845095289087,"151.812248460997",375.534365921315,0.059405689743357
"754",18.9554044096191,1.97888511024048,754,34.1258188248597,"Tilia cordata",17.8,11.3,44.5633840657307,"796.081760552381",1145.57270899667,5.60126226632053
"755",17.5353477243085,1.94338369310771,755,85.9664666484742,"Tilia cordata",18.5,10.6424856119236,74.0787191253511,"1023.09637517183",3651.57734255495,15.368097493733
"756",19.9080030337675,2.00270007584419,761,51.4668805978424,"Populus balsamifera",18.5,7.51,43.9267642933631,"259.661747866574",977.342918064705,9.45179064693252
"757",19.9221747223276,2.00305436805819,756,58.7336112318134,"Tilia cordata",17.6,10,41.6985950900766,"424.243848300499",967.711409278861,5.05749874051367
"758",18.3273152365006,1.96318288091251,762,22.2695740703042,NA,NA,NA,NA,NA,NA,NA
"759",19.7935111420695,1.99983777855174,757,91.2513617187899,"Tilia cordata",18.4,16.7938232692856,69.2929258411474,"1462.59270494372",2926.26468741641,13.6555768913352
"760",17.9970865487608,1.95492716371902,758,41.9314696570876,"Tilia cordata",15.6,10.75,32.4676083907466,"580.196239847364",512.618141499489,3.63515481958785
"761",17.997902007109,1.95494755017773,759,48.1725134663853,"Tilia cordata",13.8,9.85,32.4676083907466,"421.859245423221",512.618141499489,3.63515481958785
"762",19.6809515668925,1.99702378917231,763,52.6490281682376,"Tilia cordata",17.1,14.3570540153612,52.0327142104552,"1099.07175825728",1254.99896065633,10.8202547998896
