"","treeID","latin","hgt","w","dbh","la","agb","seq"
"0",1,"Crataegus laevigata",11.2,9.65207231634741,27.8389247938968,"100.713099668688",271.676514653903,0.051830446714128
"1",2,"Crataegus laevigata",10.5,9.44047138653574,32.5642059322918,"111.637781342555",406.663085710084,0.071126364812798
"2",6,NA,NA,NA,NA,NA,NA,NA
"3",3,NA,NA,NA,NA,NA,NA,NA
"4",4,NA,NA,NA,NA,NA,NA,NA
"5",5,"Crataegus laevigata",11.51,12.9683942722297,35.806678955331,"179.195101962646",424.634135786585,0.098879090356142
"6",7,NA,NA,NA,NA,NA,NA,NA
"7",10,NA,NA,NA,NA,NA,NA,NA
"8",9,NA,NA,NA,NA,NA,NA,NA
"9",8,"Acer negundo",22.2,6.57124227220394,55.3502360409905,"181.693647709578",1485.88557040872,6.76495752815902
"10",13,NA,NA,NA,NA,NA,NA,NA
"11",12,NA,NA,NA,NA,NA,NA,NA
"12",11,"Crataegus laevigata",11.1,6.6,18.7802832848437,"112.864472445424",119.323508440282,0.029434649174632
"13",14,NA,NA,NA,NA,NA,NA,NA
"14",15,NA,NA,NA,NA,NA,NA,NA
"15",17,"Populus nigra",25.51,6.9,55.0676103097958,"82.2775572072568",1974.56885766768,3.27933140845494
"16",19,NA,NA,NA,NA,NA,NA,NA
"17",18,NA,NA,NA,NA,NA,NA,NA
"18",23,NA,NA,NA,NA,NA,NA,NA
"19",25,"Crataegus laevigata",4.48,2,6.36619772367581,"11.4585600876176",7.3151246132972,0.27275640054569
"20",16,NA,NA,NA,NA,NA,NA,NA
"21",21,NA,NA,NA,NA,NA,NA,NA
"22",20,"Populus nigra",29.62,6.575,73.2112738222719,"56.2906708104274",3615.62236354519,0.858289257446359
"23",28,NA,NA,NA,NA,NA,NA,NA
"24",27,"Tilia cordata",19.95,5.515,44.5633840657307,"251.713861400022",1145.57270899667,5.60126226632053
"25",26,"Acer negundo",11.6,4.87449740999008,19.7095260745845,"66.1206268203253",118.233620932979,2.26631187115628
"26",22,"Picea abies",15.31,2.85,27.0563403256222,"39.4742512220518",202.865983372377,1.22767246562012
"27",29,"Acer negundo",19.3,9.65,31.5126787321953,"146.055070921386",511.432075870511,1.7077739805527
"28",31,NA,NA,NA,NA,NA,NA,NA
"29",38,NA,NA,NA,NA,NA,NA,NA
"30",34,"Malus domestica",19.35,4.6,30.2394391874601,"27.1628299105934",407.95736221248,0.046215066812692
"31",30,"Amelanchier ovalis",14.37,4.45,12.4140855611678,"26.9016907013501",39.9381558075404,0.011770216098622
"32",35,"Tilia cordata",19.27,3.15,26.1014106670708,"111.676447887521",294.510096802731,2.46261952722821
"33",33,"Betula pendula",26.65,7.25,49.0197224723038,"355.791610195659",1756.51784702833,0.183333343344202
"34",24,"Acer negundo",18.56,6.225,60.4788783749202,"261.618562217226",2697.65567227823,6.39756149193386
"35",36,NA,NA,NA,NA,NA,NA,NA
"36",37,"Pyrus communis",12.9,4.55,21.6450722604978,"28.9871849806673",172.126810272775,0.035498185861996
"37",32,"Amelanchier ovalis",14.67,6.08276253029822,16.5061401549316,"50.2644896326197",68.5430305228257,0.021273853893707
"38",39,NA,NA,NA,NA,NA,NA,NA
"39",40,NA,NA,NA,NA,NA,NA,NA
"40",41,"Acer negundo",16.9,8.7,34.0591578216656,"527.958177944935",498.845701020283,5.15875011569921
"41",45,NA,NA,NA,NA,NA,NA,NA
"42",42,NA,NA,NA,NA,NA,NA,NA
"43",47,"Pyrus communis",9.32,4.9,24.1915513499681,"6.5368865538257",229.356982208441,0.874941606432202
"44",52,NA,NA,NA,NA,NA,NA,NA
"45",48,NA,NA,NA,NA,NA,NA,NA
"46",55,NA,NA,NA,NA,NA,NA,NA
"47",43,"Tilia cordata",21.75,7.15,38.1971863420549,"82.5123587477003",774.502172115867,3.470663387657
"48",51,"Crataegus laevigata",9,1.05,13.0507053335354,"2.17846938650008",46.6431511381231,0.01454025243158
"49",54,"Pyrus communis",10.73,4.35,21.326762374314,"28.150797405336",165.669872934074,0.313164247844
"50",44,"Acer negundo",9.36,10.9011111818933,62.2887797698432,"245.440722434051",2492.97758861595,15.5836626559981
"51",56,NA,NA,NA,NA,NA,NA,NA
"52",49,"Pyrus communis",5.59,5.65,19.735212943395,"27.9357388161258",135.617285604777,1.5630116094454
"53",57,NA,NA,NA,NA,NA,NA,NA
"54",50,"Pyrus communis",10.31,6.44864326816114,26.1246912520471,"60.2848824340193",228.901353990191,0.790478557200658
"55",62,"Acer negundo",19.2,3.45,31.5126787321953,"22.6684115684106",511.432075870511,1.75342818058363
"56",58,NA,NA,NA,NA,NA,NA,NA
"57",60,NA,NA,NA,NA,NA,NA,NA
"58",53,"Betula pendula",22.83,8.28,39.7887357729738,"107.960246455108",1167.62468577666,0.136910764260278
"59",59,NA,NA,NA,NA,NA,NA,NA
"60",61,NA,NA,NA,NA,NA,NA,NA
"61",46,"Acer negundo",17.7,4.2,27.374650211806,"37.5479438144162",357.137959006246,1.96108122718704
"62",64,NA,NA,NA,NA,NA,NA,NA
"63",65,NA,NA,NA,NA,NA,NA,NA
"64",74,"Fraxinus excelsior",7.61,6.9,21.326762374314,"67.0805624903812",242.073872004493,2.19311069644317
"65",63,"Tilia cordata",15.39,7.57019484557696,38.9393311859305,"30.2124941985694",695.190460640184,2.74563829037658
"66",73,NA,NA,NA,NA,NA,NA,NA
"67",70,NA,NA,NA,NA,NA,NA,NA
"68",68,NA,NA,NA,NA,NA,NA,NA
"69",72,"Malus domestica",9.9,7.77716690061362,27.160992951287,"49.1678090224296",243.640058861804,1.1420460728855
"70",69,"Acer negundo",18.7,3.5,33.422538049298,"24.7025946147475",594.255470572543,2.17087811946476
"71",71,"Acer negundo",18.2,6.39413794033254,57.8667762899889,"75.1030369058273",1992.44655979726,7.63615517398682
"72",76,"Crataegus laevigata",9.1,2.3,18.4619733986599,"10.4527011832974",114.173760106396,0.025158627465757
"73",80,NA,NA,NA,NA,NA,NA,NA
"74",66,NA,NA,NA,NA,NA,NA,NA
"75",67,"Populus nigra",27.71,8.09830229122129,81.8947685071352,"69.0840197609385",4433.90336583776,4.26019550474447
"76",83,"Crataegus laevigata",9.8,2.35,18.4619733986599,"10.9121062920151",114.173760106396,0.025158627465757
"77",77,"Crataegus laevigata",3.7,1.83983694929741,18.2327947262758,"4.98273848815777",90.4066477181747,1.29355548426213
"78",82,"Malus domestica",8.72,8.6,35.3323973664008,"137.459880248522",609.640004852528,1.9782583231692
"79",75,"Pyrus communis",14.3,4.65,24.1915513499681,"28.5933849190413",229.356982208441,0.042321430790565
"80",79,NA,NA,NA,NA,NA,NA,NA
"81",78,"Pyrus communis",10.81,6.3,21.0084524881302,"20.839899261249",159.363496279975,0.291139326690953
"82",85,NA,NA,NA,NA,NA,NA,NA
"83",81,"Acer negundo",19.37,6.93000721500346,54.6196020780543,"60.0493702573045",1674.6870731443,5.61474454370119
"84",84,NA,NA,NA,NA,NA,NA,NA
"85",89,"Fraxinus excelsior",19.93,5.2,14.9605646506382,"14.0067151746104",106.168652467375,0.38869766529686
"86",87,"Acer negundo",12.26,4.2,17.5070437401085,"1.04010924693674",114.188064943001,0.081039234768227
"87",86,"Fraxinus excelsior",17.53,4.85,20.0535228295788,"23.3945295404573",209.796652248524,1.07489526575642
"88",88,NA,NA,NA,NA,NA,NA,NA
"89",93,"Pyrus communis",10.21,7.2,18.4619733986599,"48.3901515726054",114.173760106396,0.388715103016892
"90",92,"Acer platanoides",13.77,8.35134719671024,29.140570346279,"64.144315504714",330.568825116929,2.23847615068307
"91",94,"Fraxinus excelsior",19.24,7.3,23.1842377321878,"48.3795561468958",216.219988271328,1.01728074148222
"92",90,"Acer negundo",16.8,4.53839453992268,33.5888579719143,"37.7079977657511",493.574352635607,2.51732027453928
"93",97,"Amelanchier ovalis",11.4,1.55,9.86760647169751,"3.44511755331083",22.0175952372374,0.009124293498088
"94",91,"Malus domestica",6.92,8.45,33.7408479354818,"155.136131933995",541.269827462684,3.15926994449057
"95",98,"Crataegus laevigata",10.9,12.1040282550893,27.2429379873046,"330.084069145058",241.964745138418,0.066440341806677
"96",99,NA,NA,NA,NA,NA,NA,NA
"97",100,"Fraxinus excelsior",19.56,5.51,24.8281711223357,"33.9692969853923",344.686877392539,0.991215110799089
"98",95,"Sorbus aucuparia",11.7,3.2,37.8788764558711,"35.6255359541875",729.583017212454,3.63009299611832
"99",101,NA,NA,NA,NA,NA,NA,NA
"100",96,"Tilia cordata",22.13,6.835,43.2901445209955,"423.261820198342",1064.27706938783,5.05888981966791
"101",105,NA,NA,NA,NA,NA,NA,NA
"102",103,"Amelanchier ovalis",11,0.65,13.3690152197192,"0.540203417991271",48.4029074366281,0.012466553080966
"103",109,NA,NA,NA,NA,NA,NA,NA
"104",102,NA,NA,NA,NA,NA,NA,NA
"105",104,"Acer negundo",14.38,10.8528798021539,44.0706905918205,"110.936639384119",964.498526397097,6.07478037225624
"106",111,NA,NA,NA,NA,NA,NA,NA
"107",106,NA,NA,NA,NA,NA,NA,NA
"108",123,NA,NA,NA,NA,NA,NA,NA
"109",113,NA,NA,NA,NA,NA,NA,NA
"110",114,"Betula pendula",27.53,9.65,47.7464829275686,"146.641812681098",1668.3304045357,0.140462911521126
"111",107,"Acer negundo",18.4,8.05,40.7436654315252,"36.6811861086356",984.919710441884,1.99119315193309
"112",112,NA,NA,NA,NA,NA,NA,NA
"113",117,NA,NA,NA,NA,NA,NA,NA
"114",118,NA,NA,NA,NA,NA,NA,NA
"115",115,"Crataegus laevigata",9.21,7.96633541849701,13.124252824141,"172.443296634512",39.0015862437547,0.145425046166059
"116",110,"Acer negundo",10.6,8.45,30.8760589598277,"135.986663055109",485.48790855773,3.72433763146915
"117",125,"Tilia cordata",20.71,5.7,40.1070456591576,"258.794513272571",876.656125247193,4.49859291902703
"118",108,NA,NA,NA,NA,NA,NA,NA
"119",116,"Acer negundo",24,11.1151923060287,48.9193728133178,"186.99759463845",1207.90148858925,1.02242219385606
"120",129,NA,NA,NA,NA,NA,NA,NA
"121",121,NA,NA,NA,NA,NA,NA,NA
"122",119,NA,NA,NA,NA,NA,NA,NA
"123",122,NA,NA,NA,NA,NA,NA,NA
"124",127,NA,NA,NA,NA,NA,NA,NA
"125",128,NA,NA,NA,NA,NA,NA,NA
"126",130,NA,NA,NA,NA,NA,NA,NA
"127",132,NA,NA,NA,NA,NA,NA,NA
"128",126,NA,NA,NA,NA,NA,NA,NA
"129",131,"Crataegus laevigata",7.7,10.3920642800167,17.6941362449492,"303.612047457963",77.0864820227076,0.603602870872984
"130",120,"Acer negundo",21,3.09232921921325,29.3898467255433,"32.3601376526179",314.236356426526,1.17247001882331
"131",124,NA,NA,NA,NA,NA,NA,NA
"132",135,NA,NA,NA,NA,NA,NA,NA
"133",133,NA,NA,NA,NA,NA,NA,NA
"134",134,NA,NA,NA,NA,NA,NA,NA
"135",138,"Thuja occidentalis",13.3,2.64764045897475,33.5782985210974,"12.0881729081287",282.12632653907,1.35325683493202
"136",136,NA,NA,NA,NA,NA,NA,NA
"137",145,NA,NA,NA,NA,NA,NA,NA
"138",137,"Acer negundo",12.6,5.25,30.5577490736439,"46.967433181987",472.822592108147,3.27801762048801
"139",144,NA,NA,NA,NA,NA,NA,NA
"140",143,NA,NA,NA,NA,NA,NA,NA
"141",148,NA,NA,NA,NA,NA,NA,NA
"142",141,"Malus domestica",15.87,8,20.3718327157626,"37.4894309125682",147.197179752243,0.011813309343253
"143",140,"Quercus robur",25.35,17.55,76.3943726841098,"274.586385506169",4873.45316116623,0.242668004835195
"144",147,"Acer negundo",17.9,16.2741359217625,50.6112719032227,"271.211386506931",1242.01747519056,2.89873997870056
"145",139,NA,NA,NA,NA,NA,NA,NA
"146",142,"Fraxinus excelsior",12.4,10.3,41.6985950900766,"178.052907459804",1150.52236974329,5.63409322209372
"147",153,NA,NA,NA,NA,NA,NA,NA
"148",149,NA,NA,NA,NA,NA,NA,NA
"149",158,NA,NA,NA,NA,NA,NA,NA
"150",150,NA,NA,NA,NA,NA,NA,NA
"151",151,NA,NA,NA,NA,NA,NA,NA
"152",152,NA,NA,NA,NA,NA,NA,NA
"153",160,NA,NA,NA,NA,NA,NA,NA
"154",156,NA,NA,NA,NA,NA,NA,NA
"155",154,NA,NA,NA,NA,NA,NA,NA
"156",146,NA,NA,NA,NA,NA,NA,NA
"157",157,NA,NA,NA,NA,NA,NA,NA
"158",155,NA,NA,NA,NA,NA,NA,NA
"159",162,"Crataegus laevigata",10.5,3.65,20.0535228295788,"26.3244067135123",141.334596200539,0.028671662467644
"160",164,"Fraxinus excelsior",17.1,8.95,27.0563403256222,"126.968826958548",420.913586833877,2.41103510973909
"161",163,"Crataegus laevigata",5.87,7.67626211121012,21.5418434931161,"39.202569277244",142.625568652102,0.806337165432794
"162",159,NA,NA,NA,NA,NA,NA,NA
"163",171,NA,NA,NA,NA,NA,NA,NA
"164",166,NA,NA,NA,NA,NA,NA,NA
"165",169,NA,NA,NA,NA,NA,NA,NA
"166",167,"Fraxinus excelsior",15.2,9.94208227686736,28.6284308770647,"75.8597788658934",429.374656542748,3.58855642878527
"167",165,NA,NA,NA,NA,NA,NA,NA
"168",173,NA,NA,NA,NA,NA,NA,NA
"169",161,NA,NA,NA,NA,NA,NA,NA
"170",168,"Pyrus communis",11.96,7.1,22.2816920328653,"44.1143580145948",185.497563267697,0.041808374702868
"171",172,"Pyrus communis",8.79,8.65,31.5126787321953,"116.11236547893",453.774966099021,2.09894307507881
"172",170,"Acer negundo",15.4,11.0453610171873,41.0669100581808,"103.598041245058",805.35614743983,4.13469458233629
"173",174,NA,NA,NA,NA,NA,NA,NA
"174",175,NA,NA,NA,NA,NA,NA,NA
"175",181,"Acer negundo",15.1,10.8041658632215,38.8129277225292,"173.610210664991",647.949716774322,6.17282487039574
"176",179,NA,NA,NA,NA,NA,NA,NA
"177",178,"Fraxinus excelsior",15.6,10.2,26.4197205532546,"184.313038903155",398.247918799102,2.99866761335829
"178",186,NA,NA,NA,NA,NA,NA,NA
"179",177,NA,NA,NA,NA,NA,NA,NA
"180",183,NA,NA,NA,NA,NA,NA,NA
"181",184,"Tilia cordata",17.6,7.1,35.3323973664008,"231.667286142695",635.397222963635,3.04754262207626
"182",176,NA,NA,NA,NA,NA,NA,NA
"183",195,NA,NA,NA,NA,NA,NA,NA
"184",191,NA,NA,NA,NA,NA,NA,NA
"185",187,"Populus nigra",25.6,16.35,86.2619791558073,"502.994031533615",5122.78493267454,6.43460823550413
"186",180,NA,NA,NA,NA,NA,NA,NA
"187",189,"Pyrus communis",15.64,5.65,26.4197205532546,"50.2843298690265",287.914793263939,0.054726988613169
"188",185,NA,NA,NA,NA,NA,NA,NA
"189",188,NA,NA,NA,NA,NA,NA,NA
"190",192,"Fraxinus excelsior",13.8,6.6,30.2394391874601,"28.1867632960743",545.113923537758,0.779596166772478
"191",196,NA,NA,NA,NA,NA,NA,NA
"192",182,NA,NA,NA,NA,NA,NA,NA
"193",193,"Populus nigra",25.5,18.6065848559052,92.4464197200062,"472.448064928597",5794.34776168074,8.75921178413159
"194",197,"Fraxinus excelsior",15.6,12.6025791011205,46.6256079448837,"290.708758182108",1274.64297965758,7.58909917846322
"195",198,NA,NA,NA,NA,NA,NA,NA
"196",194,NA,NA,NA,NA,NA,NA,NA
"197",190,NA,NA,NA,NA,NA,NA,NA
"198",199,NA,NA,NA,NA,NA,NA,NA
"199",203,"Acer negundo",16.1,10.95,66.5267662124123,"492.525822899926",3440.12258870576,12.165291490609
"200",201,NA,NA,NA,NA,NA,NA,NA
"201",208,NA,NA,NA,NA,NA,NA,NA
"202",216,NA,NA,NA,NA,NA,NA,NA
"203",214,NA,NA,NA,NA,NA,NA,NA
"204",210,"Betula pendula",19.51,11,40.1070456591576,"622.289870566902",1185.97750494257,2.86641552160006
"205",207,"Tilia cordata",17.92,8.15,43.9267642933631,"71.4711676061633",1104.47149546319,3.3450294310619
"206",213,NA,NA,NA,NA,NA,NA,NA
"207",202,"Populus nigra",25.4,17.1,82.123950635418,"478.88312992304",4614.85164617491,6.32640283756155
"208",206,NA,NA,NA,NA,NA,NA,NA
"209",212,"Betula pendula",23.15,7.85,41.061975317709,"97.676558649894",1241.87556141739,0.115180663788919
"210",209,"Acer negundo",15.32,11.7772025540873,43.5619610260758,"280.678261864113",1032.29577677441,7.07591935119682
"211",211,"Betula pendula",19.6,10.85,33.1042281631142,"296.816345125183",814.63550518786,2.20260225229561
"212",200,NA,NA,NA,NA,NA,NA,NA
"213",227,NA,NA,NA,NA,NA,NA,NA
"214",215,"Acer platanoides",18.4,6.35,18.1436635124761,"199.129728410098",125.080684533885,0.212996757385298
"215",224,"Betula pendula",19.21,8.8,40.4253555453414,"428.020229738788",1204.47028872348,3.13339290366775
"216",233,NA,NA,NA,NA,NA,NA,NA
"217",205,NA,NA,NA,NA,NA,NA,NA
"218",221,NA,NA,NA,NA,NA,NA,NA
"219",222,NA,NA,NA,NA,NA,NA,NA
"220",229,NA,NA,NA,NA,NA,NA,NA
"221",219,"Prunus maackii",10.76,7.1,23.8732414637843,"72.0389826594921",222.054435572695,1.5022638071151
"222",204,NA,NA,NA,NA,NA,NA,NA
"223",226,NA,NA,NA,NA,NA,NA,NA
"224",232,"Fraxinus excelsior",16.3,12.0711432764258,18.2411284486853,"391.297746271889",142.996129102645,2.55916076288073
"225",236,NA,NA,NA,NA,NA,NA,NA
"226",220,NA,NA,NA,NA,NA,NA,NA
"227",217,"Fraxinus excelsior",24.89,7.95,42.0169049762604,"82.5019869776165",1171.04270823046,0.098053934108975
"228",237,NA,NA,NA,NA,NA,NA,NA
"229",228,NA,NA,NA,NA,NA,NA,NA
"230",225,"Acer negundo",20.69,9.5,35.014087480217,"153.256913528229",669.128335967479,1.19744296988057
"231",230,NA,NA,NA,NA,NA,NA,NA
"232",218,NA,NA,NA,NA,NA,NA,NA
"233",235,"Tilia cordata",22.5,9.15,46.7915532690172,"90.0861128368702",1296.66948449527,3.1591215781433
"234",231,NA,NA,NA,NA,NA,NA,NA
"235",238,NA,NA,NA,NA,NA,NA,NA
"236",239,NA,NA,NA,NA,NA,NA,NA
"237",234,NA,NA,NA,NA,NA,NA,NA
"238",241,"Populus tremula",20.6,5.99270389724038,29.5274242906881,"32.6406497923047",415.865616520113,1.25500174669077
"239",223,NA,NA,NA,NA,NA,NA,NA
"240",243,"Acer negundo",14.6,11.5801554393713,32.5175010185505,"369.496244335607",409.158784872809,6.55444697889651
"241",242,"Betula pendula",19.58,10.25,35.3323973664008,"501.806600254372",925.408952952337,2.35777990809288
"242",246,NA,NA,NA,NA,NA,NA,NA
"243",261,NA,NA,NA,NA,NA,NA,NA
"244",247,NA,NA,NA,NA,NA,NA,NA
"245",259,NA,NA,NA,NA,NA,NA,NA
"246",244,NA,NA,NA,NA,NA,NA,NA
"247",252,"Populus tremula",22.69,5.8,29.9211293012763,"46.3793310864422",540.459096433031,1.09062248465335
"248",258,"Fraxinus excelsior",27.32,9.45,35.6507072525846,"62.9118035265413",799.265378217582,0.045070853258437
"249",253,"Fraxinus excelsior",22.65,8.31038506929733,44.3457196729756,"91.3249095880717",1186.31386203816,1.27942102796482
"250",240,"Populus alba",24.7,11.1,63.0253574643906,"190.512942879762",2630.17311069926,4.40897531479777
"251",251,NA,NA,NA,NA,NA,NA,NA
"252",255,NA,NA,NA,NA,NA,NA,NA
"253",250,NA,NA,NA,NA,NA,NA,NA
"254",254,NA,NA,NA,NA,NA,NA,NA
"255",267,NA,NA,NA,NA,NA,NA,NA
"256",257,"Fraxinus excelsior",20.8,8.4,37.8788764558711,"61.4041132459488",920.233683265451,1.48190736562799
"257",260,"Fraxinus excelsior",15.3,8.7,26.7380304394384,"217.236059727628",409.491392593543,3.76630128082712
"258",249,NA,NA,NA,NA,NA,NA,NA
"259",248,NA,NA,NA,NA,NA,NA,NA
"260",245,"Populus alba",28.78,13.45,66.845076098596,"882.280667596231",2980.32399029712,1.83531011096579
"261",263,NA,NA,NA,NA,NA,NA,NA
"262",265,NA,NA,NA,NA,NA,NA,NA
"263",262,"Crataegus laevigata",12.29,10.532218427283,45.0293185274934,"139.918433665347",559.76011836194,1.08739931286741
"264",271,NA,NA,NA,NA,NA,NA,NA
"265",274,NA,NA,NA,NA,NA,NA,NA
"266",266,NA,NA,NA,NA,NA,NA,NA
"267",268,"Acer negundo",10.4,8.7,30.8760589598277,"112.465527000917",485.48790855773,3.52763636097671
"268",277,"Sorbus aucuparia",9.8,6.2,16.5521140815571,"118.076815230638",86.1338810874453,1.5821166465301
"269",269,NA,NA,NA,NA,NA,NA,NA
"270",270,"Populus tremula",18.72,7.05,29.6028194150925,"68.5246344626603",528.319508620925,2.48501790385848
"271",280,NA,NA,NA,NA,NA,NA,NA
"272",273,NA,NA,NA,NA,NA,NA,NA
"273",276,"Fraxinus excelsior",17.13,4.6,26.1014106670708,"15.3452267134859",387.182471784711,1.88453116263821
"274",289,NA,NA,NA,NA,NA,NA,NA
"275",287,NA,NA,NA,NA,NA,NA,NA
"276",264,"Betula pendula",21.7,16.027242432808,44.4689278164822,"1267.16547191928",1303.73877784578,2.80786524639308
"277",283,NA,NA,NA,NA,NA,NA,NA
"278",279,NA,NA,NA,NA,NA,NA,NA
"279",256,NA,NA,NA,NA,NA,NA,NA
"280",278,"Crataegus laevigata",9.81,5.9,17.1887338539247,"38.868685363006",94.9454092655908,0.020105846011894
"281",272,"Crataegus laevigata",9.49,5.05,15.278874536822,"42.4347845073393",70.0585086393877,0.018654257829006
"282",281,NA,NA,NA,NA,NA,NA,NA
"283",290,"Crataegus laevigata",10.69,5.05,13.687325105903,"45.2265466459801",52.7436463760251,0.014851904813256
"284",282,NA,NA,NA,NA,NA,NA,NA
"285",284,"Betula pendula",20.1,10,26.7380304394384,"273.258484866099",536.313757836025,1.53499823524612
"286",291,NA,NA,NA,NA,NA,NA,NA
"287",293,NA,NA,NA,NA,NA,NA,NA
"288",288,NA,NA,NA,NA,NA,NA,NA
"289",292,NA,NA,NA,NA,NA,NA,NA
"290",275,"Thuja occidentalis",15.79,10.0488805346665,42.6725240924426,"127.359076219081",519.369980117075,0.237700672987836
"291",294,"Betula pendula",20.5,6.8,25.4647908947033,"223.384815950978",487.467688099585,1.33638047873762
"292",298,NA,NA,NA,NA,NA,NA,NA
"293",297,NA,NA,NA,NA,NA,NA,NA
"294",303,NA,NA,NA,NA,NA,NA,NA
"295",296,NA,NA,NA,NA,NA,NA,NA
"296",285,NA,NA,NA,NA,NA,NA,NA
"297",299,"Pyrus communis",10.47,7.41,28.6478897565412,"72.6099405005532",354.825955771346,0.623903825073143
"298",301,NA,NA,NA,NA,NA,NA,NA
"299",295,"Pyrus communis",11.1,5.75,29.9211293012763,"100.841028046453",396.966794246451,0.341734358633431
"300",305,NA,NA,NA,NA,NA,NA,NA
"301",286,"Fraxinus excelsior",14.74,4.85,19.4169030572112,"23.1508365244108",194.638037854025,2.16666657327045
"302",306,"Betula pendula",18.88,5.15,23.2366216914167,"53.8475399546105",407.484384411893,1.6875966119901
"303",304,"Betula pendula",21.3,12.6420923901069,47.6200526154598,"598.292403652128",1699.04904550161,4.00632632896447
"304",302,NA,NA,NA,NA,NA,NA,NA
"305",314,"Crataegus laevigata",10.88,7.495665414091,30.0292946040497,"114.773712195287",339.661836551522,0.535343723878626
"306",311,"Betula pendula",20.4,9.40800722788838,51.7642736122634,"426.791075503143",1998.43202010303,5.47152668533317
"307",310,NA,NA,NA,NA,NA,NA,NA
"308",307,NA,NA,NA,NA,NA,NA,NA
"309",315,NA,NA,NA,NA,NA,NA,NA
"310",317,"Malus domestica",10.59,7.35,26.4197205532546,"108.61329409829",287.914793263939,0.534515592030459
"311",309,NA,NA,NA,NA,NA,NA,NA
"312",316,NA,NA,NA,NA,NA,NA,NA
"313",318,NA,NA,NA,NA,NA,NA,NA
"314",313,NA,NA,NA,NA,NA,NA,NA
"315",312,NA,NA,NA,NA,NA,NA,NA
"316",300,NA,NA,NA,NA,NA,NA,NA
"317",328,NA,NA,NA,NA,NA,NA,NA
"318",327,NA,NA,NA,NA,NA,NA,NA
"319",308,NA,NA,NA,NA,NA,NA,NA
"320",320,NA,NA,NA,NA,NA,NA,NA
"321",321,NA,NA,NA,NA,NA,NA,NA
"322",323,NA,NA,NA,NA,NA,NA,NA
"323",334,"Crataegus laevigata",11.39,8.56411700060199,33.5556599371447,"191.46925457759",436.712655844718,0.09254337008106
"324",329,"Betula pendula",22.63,6.45,41.061975317709,"454.014437999807",993.50044913391,0.441311803847043
"325",319,NA,NA,NA,NA,NA,NA,NA
"326",337,"Tilia cordata",20.54,8.65,62.0704278058392,"712.773769649075",2657.35149055802,9.84102243068605
"327",322,"Betula pendula",24.03,9.5,44.5633840657307,"1336.95118188214",1166.073806155,0.239076315613715
"328",324,"Betula pendula",19.1,6.5,32.7859182769304,"58.2154099444745",799.374739313592,2.07240505951813
"329",326,"Tilia cordata",19.86,8.15,43.9267642933631,"83.3830288738572",1104.47149546319,3.3450294310619
"330",336,NA,NA,NA,NA,NA,NA,NA
"331",331,NA,NA,NA,NA,NA,NA,NA
"332",325,NA,NA,NA,NA,NA,NA,NA
"333",332,"Acer negundo",17.87,6.8,27.374650211806,"38.1703583955196",357.137959006246,1.39800612284941
"334",335,NA,NA,NA,NA,NA,NA,NA
"335",339,NA,NA,NA,NA,NA,NA,NA
"336",333,"Betula pendula",20,10.0905351691573,50.6152756427989,"515.144785734758",1896.75441357494,4.77059994162016
"337",330,"Betula pendula",21.4,12.2070932248427,53.213949678971,"718.167674546596",2099.51773420255,3.56763792121507
"338",338,"Betula pendula",18.5,8.5,38.8338061144225,"267.507907467914",1113.40649464945,3.57399979756667
"339",342,"Betula pendula",20.75,7.715,38.5154962282387,"512.143260182005",876.491211717791,2.42382097184714
"340",348,NA,NA,NA,NA,NA,NA,NA
"341",343,"Pyrus communis",15.71,5.75,27.0563403256222,"125.036749182845",306.162030947515,0.06428876712954
"342",341,NA,NA,NA,NA,NA,NA,NA
"343",345,"Tilia cordata",16.32,9.25,35.6507072525846,"122.754624377831",650.034064033433,2.77390913440058
"344",346,"Tilia cordata",21.27,9.7,54.749300423612,"740.131402658021",1932.14556234244,8.11410097024327
"345",340,"Betula pendula",20.75,6.05,35.014087480217,"169.938309653112",727.329247634944,1.72054108257345
"346",344,"Acer platanoides",14.79,7.85,21.0084524881302,"201.209242525322",181.803342461065,1.55665350018727
"347",351,NA,NA,NA,NA,NA,NA,NA
"348",349,NA,NA,NA,NA,NA,NA,NA
"349",347,NA,NA,NA,NA,NA,NA,NA
"350",350,NA,NA,NA,NA,NA,NA,NA
"351",356,NA,NA,NA,NA,NA,NA,NA
"352",352,NA,NA,NA,NA,NA,NA,NA
"353",354,NA,NA,NA,NA,NA,NA,NA
"354",353,NA,NA,NA,NA,NA,NA,NA
"355",355,NA,NA,NA,NA,NA,NA,NA
"356",360,"Tilia cordata",17.76,7.4,37.2422566835035,"89.7862395449277",726.276055765419,2.96655235308992
"357",358,NA,NA,NA,NA,NA,NA,NA
"358",363,"Betula pendula",17.5,11.6,52.5211312203255,"150.556440932487",2010.47454446802,4.33129023055926
"359",359,"Betula pendula",10.97,7.25,19.0985931710274,"110.511437293689",277.592313282694,2.83185502856753
"360",357,"Pyrus communis",10.58,3.735,23.2366216914167,"13.2253320446406",206.715168019577,0.326049190285801
"361",361,"Betula pendula",24.56,9.87,37.2422566835035,"475.972383038823",1025.84666427384,0.133514812578937
"362",368,NA,NA,NA,NA,NA,NA,NA
"363",365,NA,NA,NA,NA,NA,NA,NA
"364",362,NA,NA,NA,NA,NA,NA,NA
"365",364,"Betula pendula",24.8,9.4,53.4760608788768,"1292.18625412671",1666.114470205,0.28466124549368
"366",367,NA,NA,NA,NA,NA,NA,NA
"367",376,NA,NA,NA,NA,NA,NA,NA
"368",366,NA,NA,NA,NA,NA,NA,NA
"369",371,NA,NA,NA,NA,NA,NA,NA
"370",373,NA,NA,NA,NA,NA,NA,NA
"371",378,NA,NA,NA,NA,NA,NA,NA
"372",375,NA,NA,NA,NA,NA,NA,NA
"373",372,"Tilia cordata",18.91,9.47694571051243,53.1167551691982,"90.4345018637041",1487.00990492842,5.72220602255444
"374",383,NA,NA,NA,NA,NA,NA,NA
"375",369,NA,NA,NA,NA,NA,NA,NA
"376",370,"Betula pendula",23.6,5.25,30.2394391874601,"188.400452533191",682.375948407864,0.115457099883997
"377",384,NA,NA,NA,NA,NA,NA,NA
"378",379,"Betula pendula",17.35,6.65,37.2422566835035,"43.5237695058245",1025.84666427384,3.38034013921106
"379",374,"Betula pendula",22.16,8,34.0591578216656,"706.149717587052",689.011420080652,0.831447652149109
"380",388,NA,NA,NA,NA,NA,NA,NA
"381",382,"Malus domestica",10.46,6.845,42.0169049762604,"165.562088684134",953.408751473091,1.33811339464171
"382",396,NA,NA,NA,NA,NA,NA,NA
"383",381,NA,NA,NA,NA,NA,NA,NA
"384",390,"Tilia cordata",19.21,7.2,50.9295817894065,"852.605967747608",1286.39208836866,10.3895904029388
"385",392,NA,NA,NA,NA,NA,NA,NA
"386",386,NA,NA,NA,NA,NA,NA,NA
"387",380,"Pyrus communis",15.1,9.68052168015753,40.1739360063064,"129.668710862711",735.084460024145,2.92668712139167
"388",395,"Acer platanoides",19.56,13.8792110726799,48.4803825990607,"290.564897140295",1232.91021484314,2.76315196596749
"389",398,NA,NA,NA,NA,NA,NA,NA
"390",385,"Amelanchier ovalis",13.2,11.2620424435357,26.6488306713286,"146.532403116275",175.238217649071,0.057362626223177
"391",387,"Betula pendula",15.19,10.2415819090607,49.2547908444664,"128.3351556807",1602.61288629269,4.63740729513485
"392",397,"Acer platanoides",13.5,4.9,16.8704239677409,"26.8983808027251",103.892766221081,1.18876150006211
"393",377,"Betula pendula",23.14,10.8,50.9295817894065,"416.799537546231",1892.96134266897,0.190165055801799
"394",389,"Betula pendula",17.13,9.15,46.7915532690172,"269.217123854476",1603.64840624418,5.26700667829164
"395",404,NA,NA,NA,NA,NA,NA,NA
"396",394,NA,NA,NA,NA,NA,NA,NA
"397",391,NA,NA,NA,NA,NA,NA,NA
"398",393,NA,NA,NA,NA,NA,NA,NA
"399",399,"Betula pendula",14.48,4,22.2816920328653,"58.7092422538551",375.353216166593,3.6918880836954
"400",412,"Crataegus laevigata",12.3,9.19904886387718,30.9072179171785,"83.1643697915742",365.181401563792,0.043361198851358
"401",401,"Amelanchier ovalis",4.9,3.73,14.0056349920868,"20.0124749134724",54.6105759167542,0.678733952907621
"402",411,NA,NA,NA,NA,NA,NA,NA
"403",403,"Tilia cordata",20.61,9.15,27.374650211806,"693.95839895055",332.372603813785,2.64945765337981
"404",406,NA,NA,NA,NA,NA,NA,NA
"405",405,NA,NA,NA,NA,NA,NA,NA
"406",407,"Fraxinus excelsior",15.68,7.65261393250698,27.5443827869463,"89.052885919714",366.850763620446,3.53234646072591
"407",409,"Fraxinus excelsior",14.72,5.7604253315185,17.4025577978339,"33.7272772172338",117.789985383602,1.79723748771876
"408",402,NA,NA,NA,NA,NA,NA,NA
"409",408,"Tilia cordata",20.15,10.65,43.6084544071793,"780.099257259229",1084.26137735616,4.81458530574196
"410",413,"Crataegus laevigata",7.5,2.75,11.4591559026165,"7.03687716790513",33.3443523920531,0.031009595042924
"411",417,NA,NA,NA,NA,NA,NA,NA
"412",410,NA,NA,NA,NA,NA,NA,NA
"413",400,NA,NA,NA,NA,NA,NA,NA
"414",414,"Crataegus laevigata",13.4,2.8,15.9154943091895,"4.29122932397676",77.8421500583192,0.010471809557728
"415",418,"Acer platanoides",14.3,6.17778277377896,16.7044467059223,"42.3264173724057",87.0356388274952,0.898521881848635
"416",416,"Picea pungens",20.35,8.35,44.5633840657307,"1575.10664262372",587.639324296678,3.10365298077431
"417",420,"Crataegus laevigata",11.2,6.60776058888335,21.1957101383777,"41.3803955266962",123.128420923887,0.135398050504523
"418",415,NA,NA,NA,NA,NA,NA,NA
"419",419,"Crataegus laevigata",8.5,6.00333240792145,13.9549029004351,"37.2811494534062",45.337206642134,0.017709101775466
"420",425,NA,NA,NA,NA,NA,NA,NA
"421",426,NA,NA,NA,NA,NA,NA,NA
"422",428,NA,NA,NA,NA,NA,NA,NA
"423",421,"Crataegus laevigata",9,4.75,15.9154943091895,"29.3920472781756",77.8421500583192,0.014660916845884
"424",423,"Crataegus laevigata",10.1,2.55,12.7323954473516,"6.05055124420537",43.7634965800516,0.012511512333497
"425",432,"Acer platanoides",15,5.3,11.4591559026165,"47.20380154614",38.7352980616635,0.48119564341178
"426",424,"Betula pendula",23.15,8.845,34.3774677078494,"77.808405098581",877.089165401289,0.086369347759614
"427",427,NA,NA,NA,NA,NA,NA,NA
"428",431,NA,NA,NA,NA,NA,NA,NA
"429",422,"Crataegus laevigata",8.5,4.62087654022481,14.0705931942164,"26.3788270547796",46.8764027401685,0.015465982956917
"430",443,"Pinus brutia",8.1,4.25,15.5971844230057,"43.6279441337097",79.3190975445708,0.607652929282295
"431",433,NA,NA,NA,NA,NA,NA,NA
"432",434,"Acer platanoides",15.84,7.9,26.7380304394384,"39.742786592646",336.332038468567,1.35213177030025
"433",429,"Acer platanoides",19.41,7.1,26.1014106670708,"53.5019460592662",316.280391321756,0.060146781231396
"434",436,NA,NA,NA,NA,NA,NA,NA
"435",444,NA,NA,NA,NA,NA,NA,NA
"436",435,"Crataegus laevigata",10.9,6.09302880347697,20.2796125309201,"19.4338226983579",110.371080085621,0.019388223873403
"437",439,NA,NA,NA,NA,NA,NA,NA
"438",441,NA,NA,NA,NA,NA,NA,NA
"439",437,NA,NA,NA,NA,NA,NA,NA
"440",430,"Betula pendula",20.45,12.0649285120137,49.4037042412841,"895.489213187878",1446.7694685856,6.70738042380816
"441",446,"Acer platanoides",21.7,9.6,36.9239467973197,"86.9446423561811",766.206864507657,0.091553445709849
"442",449,"Picea pungens",19.92,6.95,50.9295817894065,"697.581989950088",831.143411207599,3.39700359697053
"443",442,NA,NA,NA,NA,NA,NA,NA
"444",438,"Sorbus aucuparia",9.16,6.8,24.5098612361519,"148.119894838526",237.226587046786,2.95886464272274
"445",448,NA,NA,NA,NA,NA,NA,NA
"446",440,"Acer platanoides",17.39,9.45,37.2422566835035,"442.419166270065",783.168769469076,1.63674926678431
"447",458,NA,NA,NA,NA,NA,NA,NA
"448",453,NA,NA,NA,NA,NA,NA,NA
"449",451,"Crataegus laevigata",8.47,3.15,10.1859163578813,"10.4276872572635",24.60419748783,0.00827558535399
"450",454,"Fraxinus excelsior",20.5,7.35391052434009,27.7350036274133,"35.0446813568831",367.75374531055,0.384811662946242
"451",445,NA,NA,NA,NA,NA,NA,NA
"452",450,"Betula pendula",23.49,14.17,60.797188261104,"336.987910553831",2677.20564698691,0.167700553807663
"453",464,"Malus domestica",15.52,7.3,20.3718327157626,"68.4077129459133",147.197179752243,0.02475275334821
"454",456,"Fraxinus excelsior",17.88,9.3,31.1943688460115,"32.2572992871849",585.971632048051,0.912892148155322
"455",447,NA,NA,NA,NA,NA,NA,NA
"456",457,"Fraxinus excelsior",17.87,6,26.4197205532546,"5.22143820118612",398.247918799102,0.244469489177419
"457",463,"Fraxinus excelsior",19.34,6.45,29.2845095289087,"6.03402452124571",505.930247266991,0.215095195470326
"458",460,NA,NA,NA,NA,NA,NA,NA
"459",455,NA,NA,NA,NA,NA,NA,NA
"460",452,NA,NA,NA,NA,NA,NA,NA
"461",477,NA,NA,NA,NA,NA,NA,NA
"462",459,NA,NA,NA,NA,NA,NA,NA
"463",462,"Fraxinus excelsior",16.99,7.68586364698204,37.9096250150661,"6.04616347903388",725.988682129357,0.314222623852231
"464",465,"Fraxinus excelsior",20.38,8.25,36.6056369111359,"12.6922906274368",849.920370230809,0.227187598028877
"465",467,"Betula pendula",17.83,7.55,31.8309886183791,"239.202696225849",754.439729960952,3.39155336341889
"466",461,NA,NA,NA,NA,NA,NA,NA
"467",486,NA,NA,NA,NA,NA,NA,NA
"468",469,NA,NA,NA,NA,NA,NA,NA
"469",473,NA,NA,NA,NA,NA,NA,NA
"470",483,NA,NA,NA,NA,NA,NA,NA
"471",466,"Fraxinus excelsior",18.82,6,27.374650211806,"5.22143820118612",432.515189631403,0.217770582199137
"472",479,"Picea pungens",15.81,3.1,25.1464810085195,"177.720749177846",133.022521494525,1.55336115753828
"473",485,NA,NA,NA,NA,NA,NA,NA
"474",482,"Acer platanoides",14.77,9.65,21.6450722604978,"228.946737574205",196.188636420644,1.63763442379096
"475",474,NA,NA,NA,NA,NA,NA,NA
"476",481,"Juglans mandshurica",24.28,17.6,44.5633840657307,"288.402161777594",1301.75024574149,0.120698812863793
"477",484,"Acer negundo",19.22,12.2687611436526,63.9367224311174,"117.501988213225",2146.57633853181,2.83109870125606
"478",491,NA,NA,NA,NA,NA,NA,NA
"479",470,"Acer platanoides",13.13,8.15,42.0169049762604,"32.8984078355502",1065.34573534477,3.8258983304753
"480",489,NA,NA,NA,NA,NA,NA,NA
"481",472,"Acer platanoides",17.24,7.8,39.1521160006063,"115.870292780685",889.730270638259,1.50425048299689
"482",475,NA,NA,NA,NA,NA,NA,NA
"483",488,NA,NA,NA,NA,NA,NA,NA
"484",487,NA,NA,NA,NA,NA,NA,NA
"485",478,"Sorbus aucuparia",15.54,4.5,31.8309886183791,"7.59340765860407",465.698788188601,0.048979189062038
"486",471,"Fraxinus excelsior",17.89,10.9,48.70141258612,"51.6965893902436",1650.54462986764,3.83834656795352
"487",480,NA,NA,NA,NA,NA,NA,NA
"488",498,"Betula pendula",19.21,10.55,32.7859182769304,"176.423305921211",799.374739313592,1.90846087345932
"489",468,"Fraxinus excelsior",15.33,12.45,42.653524748628,"81.0701211923784",1212.7048118766,2.45982140227215
"490",492,NA,NA,NA,NA,NA,NA,NA
"491",496,NA,NA,NA,NA,NA,NA,NA
"492",507,NA,NA,NA,NA,NA,NA,NA
"493",505,NA,NA,NA,NA,NA,NA,NA
"494",490,NA,NA,NA,NA,NA,NA,NA
"495",476,NA,NA,NA,NA,NA,NA,NA
"496",499,NA,NA,NA,NA,NA,NA,NA
"497",504,"Picea pungens",17.18,5.55,43.2901445209955,"453.365038192901",545.036471090782,3.49362095864137
"498",503,"Tilia cordata",19.01,8.815,38.1971863420549,"565.081830280445",774.502172115867,4.17361869432244
"499",501,"Betula pendula",16.84,7.95,24.1915513499681,"222.3060106098",440.904969310616,3.10595569972691
"500",493,NA,NA,NA,NA,NA,NA,NA
"501",502,"Malus domestica",8.4,4.6,12.7323954473516,"32.9834363200063",43.7634965800516,0.420188159157806
"502",500,"Betula pendula",25.49,6.4,30.2394391874601,"175.938748838975",682.375948407864,0.109380032377544
"503",494,"Acer platanoides",23.4,9.65194280961092,46.731967562119,"100.230328124644",1261.60178124209,0.317469802223456
"504",506,NA,NA,NA,NA,NA,NA,NA
"505",495,"Fraxinus excelsior",19.28,14.7649381983129,37.5254821456196,"364.343218035987",761.078083538321,3.33538989329512
"506",509,NA,NA,NA,NA,NA,NA,NA
"507",513,"Larix sibirica",21.3,6.8,46.7915532690172,"70.6318084899687",939.060858876959,2.72726217525906
"508",497,"Fraxinus excelsior",19.22,9.38842372286211,43.0672217325036,"68.7424573597425",937.062339184959,2.46491033225027
"509",511,"Acer platanoides",12.86,9.35,22.5079079039276,"243.473137278952",188.48293360252,2.654959164674
"510",520,"Betula pendula",19.74,9.8,34.6957775940332,"95.5175094936982",893.054945375828,1.5431135983473
"511",510,"Juglans mandshurica",24.28,17.35,44.5633840657307,"280.267109193233",1301.75024574149,0.120698812863793
"512",517,NA,NA,NA,NA,NA,NA,NA
"513",518,NA,NA,NA,NA,NA,NA,NA
"514",512,NA,NA,NA,NA,NA,NA,NA
"515",524,"Betula pendula",17.49,4.85,27.374650211806,"20.7139063639465",561.59155324007,2.1977531468994
"516",508,"Pyrus communis",15.61,8.13407185854662,34.2682435852014,"57.2254995879705",380.020241324195,0.108239174236097
"517",519,NA,NA,NA,NA,NA,NA,NA
"518",526,NA,NA,NA,NA,NA,NA,NA
"519",516,"Pyrus communis",11.1,9.64053940399602,30.3915104936156,"86.7550286874603",251.525198854931,1.00094140765924
"520",527,NA,NA,NA,NA,NA,NA,NA
"521",525,"Fraxinus excelsior",14.34,5.3,35.3323973664008,"8.73036899234037",782.773576180327,1.50595024237498
"522",521,NA,NA,NA,NA,NA,NA,NA
"523",532,"Tilia cordata",17.5,10.1,43.9267642933631,"223.447361870584",1104.47149546319,4.54204023220314
"524",541,"Thuja occidentalis",11.68,5.75,25.4647908947033,"177.569362184661",133.896930155348,1.34983928466184
"525",536,NA,NA,NA,NA,NA,NA,NA
"526",534,"Picea pungens",20.55,6.35,55.0676103097958,"852.774721911595",1018.0256438323,4.24596880680235
"527",514,NA,NA,NA,NA,NA,NA,NA
"528",522,"Malus domestica",9.33,9.16215040260746,26.2040771931416,"99.0281663843124",208.055272733466,1.76071075934858
"529",530,NA,NA,NA,NA,NA,NA,NA
"530",531,NA,NA,NA,NA,NA,NA,NA
"531",515,"Pyrus communis",15.9,9.19879883463053,37.9456893565167,"68.0068057461315",505.387009418263,0.116951321523366
"532",533,"Pyrus communis",10.7,5.2,18.4619733986599,"1.05168925099927",114.173760106396,0.015206894732074
"533",523,"Pyrus communis",9.15,6.58027355054484,27.0132405422252,"50.4230350018437",249.367412674123,1.74832947538334
"534",537,NA,NA,NA,NA,NA,NA,NA
"535",539,NA,NA,NA,NA,NA,NA,NA
"536",529,NA,NA,NA,NA,NA,NA,NA
"537",552,NA,NA,NA,NA,NA,NA,NA
"538",540,NA,NA,NA,NA,NA,NA,NA
"539",535,"Pyrus communis",14.98,7.53143412637992,44.5053684292588,"47.7125312272876",935.514717531711,0.098746505045853
"540",545,"Betula pendula",20.5,8.6,37.2422566835035,"295.015606125767",1025.84666427384,1.71983635981383
"541",546,"Fraxinus excelsior",14.6,5.51475294097569,17.1680902611665,"39.0023303634849",122.736896402445,2.48242025541641
"542",543,"Crataegus laevigata",15.48,5.65,29.6028194150925,"6.29020873903996",386.159507128495,0.016756862736173
"543",542,"Larix sibirica",20.8,7.85,48.70141258612,"67.2347475697154",1059.9027531557,2.46382858942798
"544",548,NA,NA,NA,NA,NA,NA,NA
"545",549,NA,NA,NA,NA,NA,NA,NA
"546",547,"Acer negundo",17.6,12.45,34.0591578216656,"219.346304147363",623.557126275354,2.21121116908512
"547",561,"Pyrus communis",8.56,4.4,10.5042262440651,"69.3217847507355",21.3102503263897,0.788980090788241
"548",560,NA,NA,NA,NA,NA,NA,NA
"549",559,NA,NA,NA,NA,NA,NA,NA
"550",551,"Betula pendula",20.58,8.48,31.1943688460115,"47.6794551901682",725.189726968903,1.03956171012635
"551",528,"Betula pendula",23.57,12.4403416351803,54.9266744317754,"247.623641686308",2227.37362055223,1.8556951956972
"552",553,NA,NA,NA,NA,NA,NA,NA
"553",557,NA,NA,NA,NA,NA,NA,NA
"554",555,"Acer platanoides",8.2,3.75,8.91267681314614,"15.7542057492012",20.4029719378282,0.547151598326586
"555",558,"Malus domestica",10.28,4.5,26.7380304394384,"15.0861948377239",296.952566735699,0.411679434070095
"556",556,NA,NA,NA,NA,NA,NA,NA
"557",544,"Pyrus communis",15.17,8.12188401788649,31.2024879395734,"77.0480998670559",377.244040744063,2.05666354895619
"558",554,"Fraxinus excelsior",10.29,3.28,8.27605704077856,"16.0498059267545",26.8075179424547,0.667331916346072
"559",564,NA,NA,NA,NA,NA,NA,NA
"560",567,"Betula pendula",17.43,9.645,41.061975317709,"547.879993347838",1241.87556141739,4.65824244535202
"561",538,NA,NA,NA,NA,NA,NA,NA
"562",572,NA,NA,NA,NA,NA,NA,NA
"563",575,"Prunus padus",7.3,8.06163755077093,25.5957569419495,"56.8636863560288",154.510535444157,0.350155891755225
"564",578,"Crataegus laevigata",7.15,5.4,9.23098669932993,"36.3905004284094",19.0842905163955,0.072003893305554
"565",574,"Pyrus communis",9,4.95,17.1887338539247,"20.0129191318343",94.9454092655908,0.584445897076172
"566",563,NA,NA,NA,NA,NA,NA,NA
"567",562,"Ulmus laevis",9.34,5.63049731373704,14.2138819533167,"92.9174805228883",53.0884641511978,1.03427189005165
"568",571,"Pyrus communis",9.3,4.67172345071923,15.8931969980979,"2.93249779224176",65.5062495955851,0.287869599609044
"569",580,NA,NA,NA,NA,NA,NA,NA
"570",566,"Malus domestica",13.65,5.1,26.4197205532546,"17.8868115204193",287.914793263939,0.027998591276685
"571",568,NA,NA,NA,NA,NA,NA,NA
"572",569,"Betula pendula",18.37,6.805,28.6478897565412,"36.4610740029616",613.853801600412,2.15894749069173
"573",550,NA,NA,NA,NA,NA,NA,NA
"574",570,"Aesculus hippocastanum",17.85,7.9,58.5690190578175,"100.73052588281",2376.51103555958,3.77143078451218
"575",576,"Betula pendula",18.23,8.205,33.7408479354818,"87.8794482790518",845.580330493446,2.46317805009153
"576",573,"Larix sibirica",20.7,9.19483550695715,47.0969569324607,"154.963689636551",931.574155538488,3.59524045375986
"577",581,"Betula pendula",17.1,11.55,33.7408479354818,"480.134762014702",845.580330493446,4.08845039189475
"578",579,"Aesculus hippocastanum",15,6.55,40.7436654315252,"59.3530073480066",969.348269527107,2.63960884348614
"579",565,"Betula pendula",16.29,8.65,36.9239467973197,"479.116833206515",807.004576831047,7.24585910614093
"580",587,NA,NA,NA,NA,NA,NA,NA
"581",584,NA,NA,NA,NA,NA,NA,NA
"582",582,NA,NA,NA,NA,NA,NA,NA
"583",588,NA,NA,NA,NA,NA,NA,NA
"584",586,NA,NA,NA,NA,NA,NA,NA
"585",577,"Malus domestica",9.4,5.19831703534904,26.3967001708236,"16.9852125830274",241.506660533276,0.887839902935561
"586",591,"Malus domestica",13.2,6.77974925790032,17.6482667283942,"111.381741301432",88.7930746291281,0.834964372844606
"587",592,NA,NA,NA,NA,NA,NA,NA
"588",583,NA,NA,NA,NA,NA,NA,NA
"589",585,"Pyrus communis",12.73,8.67078427825303,35.0227675830187,"77.9062926854321",441.208075227331,1.30507719028646
"590",589,"Betula pendula",22.68,9,36.2873270249521,"93.9858876213502",974.995266818536,0.178588139102885
"591",590,NA,NA,NA,NA,NA,NA,NA
"592",594,NA,NA,NA,NA,NA,NA,NA
"593",593,"Acer platanoides",15.68,5.30094331227943,18.4784303682612,"88.770586917375",108.455804493769,1.74115565135848
"594",597,NA,NA,NA,NA,NA,NA,NA
"595",595,"Fraxinus excelsior",13.3,4.47017896733453,15.3648416160613,"46.1678808554019",87.3306296036737,2.05128663549594
"596",598,"Fraxinus excelsior",14.23,5.2,18.4619733986599,"50.6258357145527",173.106073961719,1.90045944682343
"597",596,"Larix sibirica",19.36,11.25,47.7464829275686,"851.562541877036",998.257906408624,5.73405099503179
"598",599,"Betula pendula",20.46,6.9,26.1014106670708,"35.5132389654959",511.605607133642,1.03425147813749
"599",601,NA,NA,NA,NA,NA,NA,NA
"600",600,"Betula pendula",21.51,6.68,32.4676083907466,"62.8711550445449",784.255148802519,0.714843860869394
"601",602,NA,NA,NA,NA,NA,NA,NA
"602",606,NA,NA,NA,NA,NA,NA,NA
"603",605,"Betula pendula",21.3,7.64,25.783100780887,"68.9368086348943",499.465331390728,0.728442653208333
"604",604,"Betula pendula",16.81,8.75,30.2394391874601,"250.296583120978",682.375948407864,3.86212507058889
"605",610,NA,NA,NA,NA,NA,NA,NA
"606",603,"Betula pendula",21.7,8.74,38.1971863420549,"243.62023584172",1077.96174165875,1.04114884650562
"607",607,"Acer negundo",20.35,6.6,27.374650211806,"43.6633616520177",357.137959006246,0.883731225943876
"608",608,NA,NA,NA,NA,NA,NA,NA
"609",609,"Betula pendula",21.3,8.66225143943536,39.2232182823549,"141.101231124003",1151.07034419541,3.28692982938301
"610",614,NA,NA,NA,NA,NA,NA,NA
"611",612,"Crataegus laevigata",8.6,1.465,9.54929658551372,"5.39168864368049",20.8292394487718,0.010106187511598
"612",611,"Betula pendula",19.5,6.13,27.0563403256222,"90.4729695334381",548.881486065175,1.97295365995348
"613",616,NA,NA,NA,NA,NA,NA,NA
"614",615,NA,NA,NA,NA,NA,NA,NA
"615",619,NA,NA,NA,NA,NA,NA,NA
"616",613,"Betula pendula",19.55,11.2004464196745,49.7215937080967,"760.623534043297",1832.4014716197,7.73585265203394
"617",618,NA,NA,NA,NA,NA,NA,NA
"618",617,"Acer platanoides",19.7,10.815,35.9690171387684,"467.951921057459",573.334758144231,0.159844306683567
"619",623,"Larix sibirica",19.5,10.81,49.0197224723038,"861.817646548478",1081.00367294869,5.40931357185764
"620",626,NA,NA,NA,NA,NA,NA,NA
"621",620,NA,NA,NA,NA,NA,NA,NA
"622",621,NA,NA,NA,NA,NA,NA,NA
"623",627,"Picea pungens",24.34,5.4,40.1070456591576,"136.254954090721",558.753425665992,0.764382364258609
"624",625,"Betula pendula",20.71,9.95300080377772,45.6960422102936,"255.036190597079",1547.77596477383,3.96356201045288
"625",624,NA,NA,NA,NA,NA,NA,NA
"626",630,NA,NA,NA,NA,NA,NA,NA
"627",633,NA,NA,NA,NA,NA,NA,NA
"628",637,"Tilia cordata",18.73,3.81408245846888,36.9527480973714,"37.0762990277253",460.968169390358,3.3607326840938
"629",634,NA,NA,NA,NA,NA,NA,NA
"630",629,"Betula pendula",18.66,8.95,44.5633840657307,"531.916571620943",1457.59225769375,3.93300778703258
"631",628,"Acer platanoides",15.47,5.575,26.1014106670708,"66.1586758448958",316.280391321756,1.22659016985872
"632",631,"Betula pendula",21.43,9.8,23.5549315776005,"409.396532686115",418.481422307416,0.7871181806442
"633",622,"Aesculus hippocastanum",16.59,15.3012965136945,62.2879664464365,"606.055237500063",2233.35484519635,11.9083080555426
"634",636,"Picea pungens",24.96,7.7,44.8816939519145,"112.129014314165",748.249198138505,0.660099374973299
"635",646,"Aesculus hippocastanum",18.36,5.52109590570568,74.5613306296999,"133.296864608893",3743.9508904752,6.45771902919512
"636",640,"Larix sibirica",19.5,5.465,37.2422566835035,"209.611686149094",470.686554423021,2.91962771975881
"637",644,NA,NA,NA,NA,NA,NA,NA
"638",645,"Tilia cordata",21.24,9.51,36.2873270249521,"685.487485443739",679.916395013854,4.31245526510298
"639",643,NA,NA,NA,NA,NA,NA,NA
"640",632,"Betula pendula",25.8,11.79,49.6563422446713,"679.149582540687",1801.4443406759,0.185611823283352
"641",642,"Acer platanoides",19.8,4.9,49.6563422446713,"97.0982354131039",1631.39065376169,0.149890100665743
"642",635,NA,NA,NA,NA,NA,NA,NA
"643",651,NA,NA,NA,NA,NA,NA,NA
"644",638,"Acer platanoides",15.73,3.0488358433999,26.5020460532519,"45.0948229135638",294.031044708136,2.3270143384319
"645",650,NA,NA,NA,NA,NA,NA,NA
"646",639,NA,NA,NA,NA,NA,NA,NA
"647",649,NA,NA,NA,NA,NA,NA,NA
"648",654,NA,NA,NA,NA,NA,NA,NA
"649",647,"Betula pendula",21.43,10.8001157401206,44.1246854365123,"634.047294702341",1450.94535817514,3.86187041146599
"650",656,NA,NA,NA,NA,NA,NA,NA
"651",655,"Tilia cordata",16.88,8.7,33.7408479354818,"547.793833011976",565.217041216783,3.85640706659359
"652",659,NA,NA,NA,NA,NA,NA,NA
"653",652,NA,NA,NA,NA,NA,NA,NA
"654",663,"Fraxinus excelsior",17.64,9.825,26.1014106670708,"116.941335476437",387.182471784711,1.27078286646986
"655",648,"Betula pendula",25.89,9.49,45.8366236104659,"349.341511550595",1540.21782036864,0.153823902784779
"656",658,NA,NA,NA,NA,NA,NA,NA
"657",660,"Larix sibirica",24.4,11.07,43.2901445209955,"1013.29485972398",742.1361570363,3.4624368441801
"658",657,NA,NA,NA,NA,NA,NA,NA
"659",641,"Pinus sylvestris",16.6,9.62,38.1971863420549,"261.62775363363",626.857126886231,4.08872738660705
"660",662,"Acer platanoides",14.8,8.8,38.1971863420549,"544.830179694492",668.333384473134,5.91991711260204
"661",665,NA,NA,NA,NA,NA,NA,NA
"662",667,"Aesculus hippocastanum",17.26,3.17,43.9267642933631,"12.0355657256726",1167.36724927412,3.28000225273843
"663",669,"Acer negundo",21.22,5.72,48.3831026999362,"183.391038460411",1526.79794511521,1.84177480942458
"664",653,"Sorbus aucuparia",14.73,5.53581069040479,26.8910633418496,"44.2535921084469",215.68701758802,1.04739432834385
"665",664,"Betula pendula",25.89,10.785,48.0647928137524,"195.215779489102",1690.16897496386,0.133918972014953
"666",666,"Picea pungens",25.06,6.86476510887299,36.2943068336349,"65.1050574497633",351.460852421902,0.409916205195075
"667",661,"Acer platanoides",18.65,15.2357679491386,50.1759780287819,"442.9152207019",1409.09897484026,0.814533117242946
"668",672,NA,NA,NA,NA,NA,NA,NA
"669",680,NA,NA,NA,NA,NA,NA,NA
"670",675,NA,NA,NA,NA,NA,NA,NA
"671",677,NA,NA,NA,NA,NA,NA,NA
"672",674,"Tilia cordata",19.8,11.15,49.9746521308551,"191.10293381045",1532.53089641134,4.37079620489351
"673",683,NA,NA,NA,NA,NA,NA,NA
"674",679,NA,NA,NA,NA,NA,NA,NA
"675",676,"Acer platanoides",21.48,5.70776663853735,43.6862199679381,"28.8905909597517",972.812918386342,0.495182536133029
"676",673,"Fraxinus excelsior",18.16,6.28,29.9211293012763,"4.08581683241387",531.867543785355,0.27506570782549
"677",678,NA,NA,NA,NA,NA,NA,NA
"678",687,NA,NA,NA,NA,NA,NA,NA
"679",686,NA,NA,NA,NA,NA,NA,NA
"680",682,NA,NA,NA,NA,NA,NA,NA
"681",668,NA,NA,NA,NA,NA,NA,NA
"682",689,NA,NA,NA,NA,NA,NA,NA
"683",681,"Fraxinus excelsior",15.7,6.325,35.3323973664008,"4.97349758660301",782.773576180327,0.965257894296258
"684",690,"Picea pungens",23.4,7,34.0591578216656,"62.3731007786993",365.524499333804,0.522663722087799
"685",696,"Acer platanoides",15.48,4.31115993672237,38.7789763611622,"13.5156984300572",730.460885394884,3.44202509024316
"686",692,"Acer negundo",21.32,14.34,46.4732433828334,"267.960607041519",1377.73269267245,0.982467436807724
"687",685,"Pyrus communis",10.38,7.01,25.1464810085195,"146.713077644286",253.45671463208,0.789585438339543
"688",671,"Populus nigra",20.56,14.3688004022604,76.1718949565945,"229.953170612754",3729.90915150464,6.12878368645386
"689",670,NA,NA,NA,NA,NA,NA,NA
"690",701,NA,NA,NA,NA,NA,NA,NA
"691",688,NA,NA,NA,NA,NA,NA,NA
"692",697,NA,NA,NA,NA,NA,NA,NA
"693",700,"Betula pendula",19.05,10.05,34.6957775940332,"409.187615922905",893.054945375828,2.82040022713693
"694",703,NA,NA,NA,NA,NA,NA,NA
"695",694,NA,NA,NA,NA,NA,NA,NA
"696",693,NA,NA,NA,NA,NA,NA,NA
"697",684,"Acer platanoides",24.4,8.15,29.9211293012763,"79.8961333149076",448.099683767611,0.070205341818507
"698",691,"Acer platanoides",18.27,13.3259783880959,56.0514697611188,"292.13632028401",1649.49365359354,3.894911786453
"699",710,"Acer negundo",24.41,14.55,48.3831026999362,"426.906207055395",1526.79794511521,0.15662951549848
"700",711,NA,NA,NA,NA,NA,NA,NA
"701",708,"Tilia cordata",16.86,9.75,35.014087480217,"136.384064045786",620.961962936832,2.69812838640581
"702",716,NA,NA,NA,NA,NA,NA,NA
"703",713,"Pyrus communis",7.36,3.73,26.4197205532546,"35.2753899369917",287.914793263939,3.29439528936959
"704",698,NA,NA,NA,NA,NA,NA,NA
"705",707,NA,NA,NA,NA,NA,NA,NA
"706",714,NA,NA,NA,NA,NA,NA,NA
"707",702,NA,NA,NA,NA,NA,NA,NA
"708",705,"Crataegus laevigata",9.03,1.96,22.2816920328653,"2.31297260562347",185.497563267697,0.019606663058866
"709",706,NA,NA,NA,NA,NA,NA,NA
"710",699,"Acer platanoides",20.59,6.65,26.1014106670708,"35.4619469358375",316.280391321756,0.056805003843067
"711",715,"Betula pendula",27.94,8.15,42.9718346348117,"398.793191853511",1357.44569178879,0.144608556683124
"712",695,"Pyrus communis",13.5,5.4,14.0056349920868,"83.4036313198089",55.9676620438241,0.024124747358343
"713",712,NA,NA,NA,NA,NA,NA,NA
"714",704,NA,NA,NA,NA,NA,NA,NA
"715",723,"Betula pendula",15.43,7.85,30.5577490736439,"168.082058288708",696.505628214185,4.76637077127191
"716",718,NA,NA,NA,NA,NA,NA,NA
"717",717,NA,NA,NA,NA,NA,NA,NA
"718",724,"Tilia cordata",18.59,8.2,33.1042281631142,"82.6866336787929",538.528349421213,2.47524241046364
"719",728,"Acer negundo",19.58,10.1012672472319,40.6203825143914,"37.5418970246206",797.588752875728,1.73413428677196
"720",709,NA,NA,NA,NA,NA,NA,NA
"721",722,NA,NA,NA,NA,NA,NA,NA
"722",726,"Betula pendula",26.17,7.45,34.3774677078494,"48.8754846621296",877.089165401289,0.091767651205714
"723",725,NA,NA,NA,NA,NA,NA,NA
"724",732,NA,NA,NA,NA,NA,NA,NA
"725",720,NA,NA,NA,NA,NA,NA,NA
"726",741,"Crataegus laevigata",3.68,5.43886477125512,13.6242580874249,"8.86501639431294",43.1686059764577,0.633797623869246
"727",719,NA,NA,NA,NA,NA,NA,NA
"728",734,"Crataegus laevigata",9.62,14.0080949811172,24.9421744754533,"128.73985338086",169.862334309439,0.046557331669408
"729",731,NA,NA,NA,NA,NA,NA,NA
"730",729,NA,NA,NA,NA,NA,NA,NA
"731",744,NA,NA,NA,NA,NA,NA,NA
"732",740,"Tilia cordata",15.12,8.45,26.1014106670708,"77.7443285721314",294.510096802731,1.82553587294316
"733",730,NA,NA,NA,NA,NA,NA,NA
"734",737,"Betula pendula",16.1,5.95,23.8732414637843,"140.864983936673",429.621644644163,3.43371175914359
"735",727,NA,NA,NA,NA,NA,NA,NA
"736",733,"Larix sibirica",17.86,9.05,47.109863155201,"227.87244071099",958.524330335066,3.91951057430163
"737",749,NA,NA,NA,NA,NA,NA,NA
"738",736,NA,NA,NA,NA,NA,NA,NA
"739",745,NA,NA,NA,NA,NA,NA,NA
"740",721,NA,NA,NA,NA,NA,NA,NA
"741",738,NA,NA,NA,NA,NA,NA,NA
"742",754,NA,NA,NA,NA,NA,NA,NA
"743",751,"Betula pendula",23.46,7.15,32.4676083907466,"63.0258411872547",784.255148802519,0.086881611876663
"744",763,NA,NA,NA,NA,NA,NA,NA
"745",758,"Tilia cordata",20.94,8.85,36.9239467973197,"128.420064769131",710.616727489421,2.92766192562038
"746",746,"Betula pendula",21.15,11.3427884578705,45.051814066953,"187.935466695888",1276.43068123083,1.78389489583322
"747",735,"Acer negundo",22.4,15.6524758424985,47.6147330684626,"195.926876712527",1443.13443141829,1.46276882106446
"748",750,"Quercus robur",25.4,13.65,52.5211312203255,"193.792449030074",2137.63790437924,0.15482511683058
"749",756,NA,NA,NA,NA,NA,NA,NA
"750",760,NA,NA,NA,NA,NA,NA,NA
"751",739,"Acer negundo",20.39,6.4,29.6028194150925,"292.232927614044",436.039751536468,1.39871480560129
"752",761,"Betula pendula",17.95,8.7398855827751,32.2499914742407,"90.1396343455752",785.418748953597,4.41026723537396
"753",742,"Acer negundo",14.74,8.355,19.0985931710274,"281.024723792548",142.565506136148,1.99318987460059
"754",757,NA,NA,NA,NA,NA,NA,NA
"755",743,"Acer negundo",20.11,11.25,44.5633840657307,"393.675154407314",1237.87216553083,1.22637016726435
"756",747,"Acer negundo",17.54,8.5,24.1915513499681,"51.1210157082852",260.551068517488,1.05236804221263
"757",753,NA,NA,NA,NA,NA,NA,NA
"758",759,"Quercus robur",26.35,11.175,43.2901445209955,"214.963612266711",1397.35034941014,0.156278910893775
"759",748,"Betula pendula",25.94,10.1823376490863,46.3859532167734,"113.320127360599",1600.0200604544,0.180693130806162
"760",755,NA,NA,NA,NA,NA,NA,NA
"761",771,NA,NA,NA,NA,NA,NA,NA
"762",770,NA,NA,NA,NA,NA,NA,NA
"763",752,"Tilia cordata",20.65,5.9,34.6957775940332,"21.4033441281885",606.727302456934,1.99433704158918
"764",765,"Betula pendula",22.08,7.35,26.1014106670708,"158.447929187887",511.605607133642,0.519110282972861
"765",767,NA,NA,NA,NA,NA,NA,NA
"766",766,"Tilia cordata",22.1,8.64,38.8338061144225,"40.1617981356698",807.702520877959,2.76757199606465
"767",772,NA,NA,NA,NA,NA,NA,NA
"768",776,"Larix sibirica",15.7,8.7,27.0563403256222,"334.050948176828",178.993347158139,1.62625053841535
"769",768,"Betula pendula",25.59,10.0448992030781,37.8186439245941,"275.93038590617",1071.85884438078,0.273420569628684
"770",769,NA,NA,NA,NA,NA,NA,NA
"771",764,NA,NA,NA,NA,NA,NA,NA
"772",762,"Betula pendula",18.1,12.7647953371764,43.6885392002795,"331.349424287231",1280.24569246548,6.88618561698167
"773",773,NA,NA,NA,NA,NA,NA,NA
"774",782,NA,NA,NA,NA,NA,NA,NA
"775",775,"Betula pendula",17.18,9.11660572801084,30.8218659044283,"150.022316918932",718.49728259331,5.92499883085009
"776",778,NA,NA,NA,NA,NA,NA,NA
"777",777,"Tilia cordata",20.35,6.34,42.0169049762604,"296.958709495842",986.580084293794,4.54714608204813
"778",787,"Picea pungens",24.4,6.755,49.6563422446713,"461.472581229034",972.833561725566,1.13106972938738
"779",789,"Tilia cordata",17.62,8.075,41.3802852038928,"403.367687591645",949.06315569061,5.27671134602167
"780",786,"Betula pendula",20.81,11.9710066410474,43.7024520096764,"138.040192544402",1423.81843736942,1.72118989534556
"781",780,"Tilia cordata",24,6.15,17.5070437401085,"26.1625676874306",106.819459420239,1.04703437132602
"782",779,NA,NA,NA,NA,NA,NA,NA
"783",788,"Betula pendula",25.3,7.2,24.5098612361519,"30.6125462538112",452.331315329083,0.074190832695251
"784",774,"Betula pendula",19.67,7.2,30.2394391874601,"293.49858101068",682.375948407864,1.97892136188023
"785",781,NA,NA,NA,NA,NA,NA,NA
"786",783,NA,NA,NA,NA,NA,NA,NA
"787",794,NA,NA,NA,NA,NA,NA,NA
"788",784,NA,NA,NA,NA,NA,NA,NA
"789",790,NA,NA,NA,NA,NA,NA,NA
"790",792,"Betula pendula",22.46,15.8060905982472,64.8290266584666,"334.402010896687",3107.25981620673,3.68499122901461
"791",791,NA,NA,NA,NA,NA,NA,NA
"792",800,NA,NA,NA,NA,NA,NA,NA
"793",797,"Betula pendula",22.7,6.75,34.0591578216656,"199.771167455589",861.264275100815,0.214899755895885
"794",793,"Acer platanoides",15.45,6.8401352325813,22.1677184361706,"73.4797534219424",187.934734267421,1.02056719105558
"795",796,NA,NA,NA,NA,NA,NA,NA
"796",798,"Picea pungens",23.29,5.305,38.1971863420549,"168.976457011179",492.273200927329,0.582121562580937
"797",785,"Betula pendula",15.3,7.25,22.9183118052329,"141.652588111068",396.630614234462,3.4896619036312
"798",799,"Tilia cordata",20.3,7.69,40.7436654315252,"422.334051627573",912.424273221281,5.15248236596813
"799",804,"Betula pendula",20.99,7.1,28.6478897565412,"187.764963862288",613.853801600412,1.20771830716308
"800",802,NA,NA,NA,NA,NA,NA,NA
"801",795,"Betula pendula",20.26,10.79,32.7859182769304,"164.036843424415",799.374739313592,1.30879636741491
"802",805,NA,NA,NA,NA,NA,NA,NA
"803",803,NA,NA,NA,NA,NA,NA,NA
"804",801,NA,NA,NA,NA,NA,NA,NA
"805",807,NA,NA,NA,NA,NA,NA,NA
"806",808,"Acer negundo",16.65,13.4354475176676,35.5881271708588,"235.983320308834",576.831459839244,4.11906278129944
"807",809,NA,NA,NA,NA,NA,NA,NA
"808",812,NA,NA,NA,NA,NA,NA,NA
"809",813,NA,NA,NA,NA,NA,NA,NA
"810",811,"Picea pungens",22.61,5.72,39.7887357729738,"227.645931079174",547.312770921647,0.837595283601672
"811",806,"Crataegus laevigata",9.85,6.4,21.9633821466816,"53.8067611561494",178.735609361324,0.026135609938521
"812",810,"Tilia cordata",18.55,6.745,34.3774677078494,"300.110731148646",592.692255908662,3.75922519051335
"813",817,NA,NA,NA,NA,NA,NA,NA
"814",818,NA,NA,NA,NA,NA,NA,NA
"815",814,NA,NA,NA,NA,NA,NA,NA
"816",819,NA,NA,NA,NA,NA,NA,NA
"817",824,NA,NA,NA,NA,NA,NA,NA
"818",815,"Acer negundo",16.67,16.75,41.6985950900766,"324.239611770765",1044.87893602062,3.30636177003294
"819",821,NA,NA,NA,NA,NA,NA,NA
"820",816,"Betula pendula",19.58,7.15,33.422538049298,"80.5035954660733",830.037388146831,1.85393206943593
"821",822,"Betula pendula",19.81,8.6,24.1915513499681,"349.543890482506",440.904969310616,1.61763603365102
"822",823,NA,NA,NA,NA,NA,NA,NA
"823",829,"Tilia cordata",16.62,8.25,28.6478897565412,"103.750746946073",373.045586978324,1.73372651548917
"824",830,NA,NA,NA,NA,NA,NA,NA
"825",820,"Picea pungens",24.93,5.06,49.0197224723038,"266.41097702122",940.782298856402,0.974744459056978
"826",831,NA,NA,NA,NA,NA,NA,NA
"827",835,NA,NA,NA,NA,NA,NA,NA
"828",827,NA,NA,NA,NA,NA,NA,NA
"829",840,NA,NA,NA,NA,NA,NA,NA
"830",832,NA,NA,NA,NA,NA,NA,NA
"831",826,NA,NA,NA,NA,NA,NA,NA
"832",833,"Betula pendula",24.53,10.35,38.1971863420549,"63.2579569072896",1077.96174165875,0.113447912748711
"833",836,NA,NA,NA,NA,NA,NA,NA
"834",825,NA,NA,NA,NA,NA,NA,NA
"835",837,NA,NA,NA,NA,NA,NA,NA
"836",838,NA,NA,NA,NA,NA,NA,NA
"837",828,NA,NA,NA,NA,NA,NA,NA
"838",839,NA,NA,NA,NA,NA,NA,NA
"839",847,NA,NA,NA,NA,NA,NA,NA
"840",846,"Acer platanoides",27.68,9.985,25.4647908947033,"112.869796946039",296.973070589865,0.051454693313701
"841",834,"Tilia cordata",21.78,11.618047383274,45.9955031981607,"149.495833513059",1032.16920101164,5.44199994641446
"842",842,NA,NA,NA,NA,NA,NA,NA
"843",845,"Betula pendula",19.63,4.25,32.1492985045629,"5.98807793707456",769.27679252615,1.48235558423158
"844",844,"Thuja occidentalis",13.29,2.695,19.4169030572112,"16.6414551532609",87.3480609534335,0.427566507527068
"845",848,NA,NA,NA,NA,NA,NA,NA
"846",852,"Crataegus laevigata",8.38,5.87,21.6450722604978,"38.4744155324493",172.126810272775,0.02894493282048
"847",843,"Betula pendula",23.37,7.3,34.6957775940332,"316.800930865905",893.054945375828,0.131694778937572
"848",849,"Picea pungens",21.6,8.19015262373052,49.4149828066381,"160.658920907803",910.395248484541,1.46023485318214
"849",855,NA,NA,NA,NA,NA,NA,NA
"850",841,"Quercus robur",26.05,11.455,59.2056388301851,"175.471344932051",2782.06197236404,0.178748965768136
"851",850,NA,NA,NA,NA,NA,NA,NA
"852",857,NA,NA,NA,NA,NA,NA,NA
"853",859,NA,NA,NA,NA,NA,NA,NA
"854",854,"Betula pendula",17.3,12.2456114588043,33.3086619497631,"191.346334810008",665.311493990656,4.48808309078185
"855",853,"Acer negundo",12.62,7.8,32.4676083907466,"80.3558686776268",551.89943280775,3.38805198767676
"856",856,NA,NA,NA,NA,NA,NA,NA
"857",862,NA,NA,NA,NA,NA,NA,NA
"858",861,NA,NA,NA,NA,NA,NA,NA
"859",858,NA,NA,NA,NA,NA,NA,NA
"860",860,"Tilia cordata",16.35,10.15,65.2535266676771,"598.942340271971",3017.18092936623,10.627611735883
"861",865,"Acer negundo",14.61,4.25,14.6422547644544,"23.8564739971998",72.3870247111309,0.988896358153617
"862",867,"Thuja occidentalis",7.3,4.49,11.1408460164327,"32.9942610527053",23.0477522077271,0.233682466803421
"863",863,NA,NA,NA,NA,NA,NA,NA
"864",851,"Quercus robur",29.75,10.875,40.7436654315252,"149.365729843217",1222.9181812872,0.121314474547944
"865",868,"Picea pungens",21.71,5.425,39.1521160006063,"48.1665132709795",524.866290025158,0.61198109973725
"866",864,"Tilia cordata",28.72,6.265,35.6507072525846,"293.397073358653",650.034064033433,2.13324187368926
"867",869,"Acer negundo",22.8,9.635,20.3718327157626,"74.4428039760906",168.078483325575,0.051100976631872
"868",870,NA,NA,NA,NA,NA,NA,NA
"869",873,"Betula pendula",19.28,7.165,29.9211293012763,"224.854406453393",668.38793259164,2.06397192826751
"870",871,NA,NA,NA,NA,NA,NA,NA
"871",872,NA,NA,NA,NA,NA,NA,NA
"872",866,"Acer negundo",14.63,8.6,23.5549315776005,"217.883229533083",243.415929039572,2.95761289608313
"873",875,NA,NA,NA,NA,NA,NA,NA
"874",877,"Tilia cordata",24.05,7.535,41.3802852038928,"374.378009912266",949.06315569061,4.441677479389
"875",874,NA,NA,NA,NA,NA,NA,NA
"876",881,"Thuja occidentalis",11.23,4.74137374607824,24.2793460873871,"47.9802586453029",132.135388761287,0.742914639142413
"877",880,NA,NA,NA,NA,NA,NA,NA
"878",876,"Acer negundo",20.4,8.88,30.8760589598277,"1.85980024040019",485.48790855773,0.122850853299212
"879",882,"Picea pungens",20.2,5.055,35.9690171387684,"189.865747985547",421.148449956261,0.990555708754698
"880",878,NA,NA,NA,NA,NA,NA,NA
"881",879,"Fraxinus excelsior",23.21,12.2124946264062,38.1507379092749,"61.3586564082822",771.638060222534,0.138871554307571
"882",884,"Tilia cordata",21.43,6.945,38.1971863420549,"258.195008719419",774.502172115867,3.92751504640341
"883",885,"Thuja occidentalis",11.86,5.29876400682272,21.5253750907251,"50.7090854412864",98.0372135068819,0.661291421238164
"884",883,NA,NA,NA,NA,NA,NA,NA
"885",887,NA,NA,NA,NA,NA,NA,NA
"886",888,NA,NA,NA,NA,NA,NA,NA
"887",889,"Thuja occidentalis",12.84,3.8,16.8704239677409,"22.3197504069316",62.3484825880758,0.357119017349497
"888",886,NA,NA,NA,NA,NA,NA,NA
"889",891,NA,NA,NA,NA,NA,NA,NA
"890",892,"Tilia cordata",19.18,9.37,41.3802852038928,"491.223950146058",949.06315569061,4.9982888063912
"891",893,NA,NA,NA,NA,NA,NA,NA
"892",894,NA,NA,NA,NA,NA,NA,NA
"893",890,NA,NA,NA,NA,NA,NA,NA
"894",895,NA,NA,NA,NA,NA,NA,NA
"895",899,"Tilia cordata",23.4,6.585,12.7323954473516,"63.3217317327628",47.5832529471361,0.678368708032199
"896",901,NA,NA,NA,NA,NA,NA,NA
"897",896,"Malus domestica",18.41,7.105,33.7408479354818,"82.4488033983032",541.269827462684,0.065258265117336
"898",898,NA,NA,NA,NA,NA,NA,NA
"899",902,NA,NA,NA,NA,NA,NA,NA
"900",897,"Tilia cordata",21.79,8.545,26.4197205532546,"84.17885557086",303.716113057014,1.96959416678584
"901",900,"Betula pendula",26.36,14.895,65.8901464400447,"916.941133163497",3133.73817184627,0.230523755155218
"902",903,"Betula pendula",19.58,6.4,37.5605665696873,"261.494226212855",1043.07801608519,2.63879345538771
"903",908,NA,NA,NA,NA,NA,NA,NA
"904",910,NA,NA,NA,NA,NA,NA,NA
"905",905,NA,NA,NA,NA,NA,NA,NA
"906",906,NA,NA,NA,NA,NA,NA,NA
"907",907,"Acer platanoides",16.3,10.6922869396589,40.5767080255162,"651.071524780395",807.000336700129,4.34746564728701
"908",904,"Quercus robur",27.35,14.05,52.8394411065093,"409.977253121576",2166.23559354754,0.198485039067009
"909",913,NA,NA,NA,NA,NA,NA,NA
"910",912,NA,NA,NA,NA,NA,NA,NA
"911",911,NA,NA,NA,NA,NA,NA,NA
"912",917,NA,NA,NA,NA,NA,NA,NA
"913",909,NA,NA,NA,NA,NA,NA,NA
"914",914,NA,NA,NA,NA,NA,NA,NA
"915",916,NA,NA,NA,NA,NA,NA,NA
"916",927,NA,NA,NA,NA,NA,NA,NA
"917",929,NA,NA,NA,NA,NA,NA,NA
"918",920,"Betula pendula",17.2,7.5,35.014087480217,"313.449247526757",909.16155954368,4.16438029639221
"919",915,"Acer negundo",15,14.7054411698527,57.3841308061382,"256.707688684154",2000.78719005362,7.50236087837504
"920",923,NA,NA,NA,NA,NA,NA,NA
"921",934,NA,NA,NA,NA,NA,NA,NA
"922",930,"Thuja occidentalis",13.53,2.65,34.3774677078494,"58.9221019091489",343.766571676178,1.09522520028813
"923",925,NA,NA,NA,NA,NA,NA,NA
"924",932,"Thuja occidentalis",13.55,6.37192671018743,43.9936046481297,"117.480929588807",501.785750207296,2.03353168723758
"925",937,NA,NA,NA,NA,NA,NA,NA
"926",931,"Thuja occidentalis",13.58,3.9,27.0563403256222,"42.3178758061617",193.564647290855,0.646169590403701
"927",924,"Tilia cordata",25.2,4.565,50.2929620170389,"213.576666968344",1557.43982662538,6.35255880285649
"928",933,"Acer negundo",15.45,5.7,29.6028194150925,"160.28557134253",436.039751536468,3.37525202464712
"929",926,NA,NA,NA,NA,NA,NA,NA
"930",935,NA,NA,NA,NA,NA,NA,NA
"931",936,"Thuja occidentalis",10.93,7.03855098724162,41.9082497517647,"191.270107490725",436.392985918954,2.40728351682336
"932",921,NA,NA,NA,NA,NA,NA,NA
"933",918,NA,NA,NA,NA,NA,NA,NA
"934",938,NA,NA,NA,NA,NA,NA,NA
"935",943,NA,NA,NA,NA,NA,NA,NA
"936",919,"Acer negundo",15,6.13684772501322,47.674278090653,"59.3510771117023",1244.63073864197,6.58102565696774
"937",946,NA,NA,NA,NA,NA,NA,NA
"938",928,"Acer negundo",18.45,7.8730124475959,22.5124090354403,"83.210109173151",184.092005688386,1.58271274067013
"939",922,"Acer negundo",11.84,7.4,24.1915513499681,"61.9933413466729",260.551068517488,2.14885722371889
"940",939,"Acer negundo",15,6.15,35.014087480217,"85.4724128110145",669.128335967479,3.47459081380862
"941",941,"Quercus robur",26.31,17.55,108.225361302489,"885.802402197873",10484.1962422575,0.439691772971855
"942",945,NA,NA,NA,NA,NA,NA,NA
"943",940,"Acer negundo",15,12.2588223333239,74.3572166650873,"307.239020168396",3975.25896555464,11.9995523236552
"944",947,"Acer negundo",12.1,9.85,25.783100780887,"96.1085708675424",306.53431607521,1.77694703673529
"945",948,NA,NA,NA,NA,NA,NA,NA
"946",942,NA,NA,NA,NA,NA,NA,NA
"947",949,NA,NA,NA,NA,NA,NA,NA
"948",951,NA,NA,NA,NA,NA,NA,NA
"949",952,NA,NA,NA,NA,NA,NA,NA
"950",944,"Tilia cordata",20.31,10.25,64.6169068953095,"831.183135670283",2354.39496982292,12.6046387639456
"951",950,NA,NA,NA,NA,NA,NA,NA
"952",955,"Fraxinus excelsior",7.73,3.325,8.59436692696235,"20.6737905152667",29.2657430854976,0.740652552655309
"953",954,NA,NA,NA,NA,NA,NA,NA
"954",953,"Acer negundo",17.1,6.85,50.2929620170389,"230.102358699171",1685.2744439029,7.12578747659586
"955",958,NA,NA,NA,NA,NA,NA,NA
"956",956,NA,NA,NA,NA,NA,NA,NA
"957",969,"Acer platanoides",23.45,8.30356850998413,26.2986387393454,"66.5984757457592",269.041771132825,0.379571084614376
"958",961,NA,NA,NA,NA,NA,NA,NA
"959",957,NA,NA,NA,NA,NA,NA,NA
"960",968,"Acer negundo",17.3,8.43,44.5633840657307,"310.019810739797",1237.87216553083,5.70939358508679
"961",965,NA,NA,NA,NA,NA,NA,NA
"962",963,NA,NA,NA,NA,NA,NA,NA
"963",964,NA,NA,NA,NA,NA,NA,NA
"964",960,NA,NA,NA,NA,NA,NA,NA
"965",962,NA,NA,NA,NA,NA,NA,NA
"966",959,NA,NA,NA,NA,NA,NA,NA
"967",973,NA,NA,NA,NA,NA,NA,NA
"968",970,NA,NA,NA,NA,NA,NA,NA
"969",971,"Acer negundo",16.48,8.405,36.2873270249521,"421.684208620426",732.957777554155,4.74823275201601
"970",966,NA,NA,NA,NA,NA,NA,NA
"971",967,"Tilia cordata",16.84,11.975,53.157750992693,"582.151040796095",1792.69332806711,6.93657706165891
"972",977,NA,NA,NA,NA,NA,NA,NA
"973",972,"Tilia cordata",16.1,8.3,47.109863155201,"111.189327480641",1319.18603655891,4.79113994160332
"974",974,"Tilia cordata",14.1,6.87,34.3774677078494,"150.97385721794",592.692255908662,3.75922519051335
"975",978,NA,NA,NA,NA,NA,NA,NA
"976",976,"Acer platanoides",27.3,14.4814622880426,43.359134706352,"637.459905988324",793.932696449916,0.186618861698832
"977",975,"Betula pendula",24.45,11.28,46.7915532690172,"142.364451946672",1603.64840624418,0.130521216965576
"978",986,"Thuja occidentalis",9.91,4.35,26.4197205532546,"121.264213838142",146.256550622444,1.26240312471253
"979",981,NA,NA,NA,NA,NA,NA,NA
"980",979,NA,NA,NA,NA,NA,NA,NA
"981",982,NA,NA,NA,NA,NA,NA,NA
"982",983,"Acer negundo",19.64,9.22,32.4676083907466,"84.7088768216167",551.89943280775,1.11208302112044
"983",984,NA,NA,NA,NA,NA,NA,NA
"984",985,NA,NA,NA,NA,NA,NA,NA
"985",988,"Thuja occidentalis",8,2.45,15.9154943091895,"6.22171680267526",54.2168330435338,0.405679076293417
"986",980,NA,NA,NA,NA,NA,NA,NA
"987",987,NA,NA,NA,NA,NA,NA,NA
"988",990,NA,NA,NA,NA,NA,NA,NA
"989",989,NA,NA,NA,NA,NA,NA,NA
"990",991,"Picea pungens",25.5,7.2,59.5239487163689,"678.01787635792",1557.44371300813,1.27516991366576
"991",1001,NA,NA,NA,NA,NA,NA,NA
"992",993,"Thuja occidentalis",6.5,1.95,11.4591559026165,"7.74444785995116",24.6587356329066,0.188840953007693
"993",994,NA,NA,NA,NA,NA,NA,NA
"994",999,"Thuja occidentalis",10.9,3.05,11.7774657888003,"18.2694994633632",26.3335272299853,0.252501282862763
"995",995,"Betula pendula",22.1,7.45,32.4676083907466,"254.00453155769",784.255148802519,0.626442299400424
"996",996,"Tilia cordata",16.1,8.1,49.3380323584876,"278.398923500366",1483.44129113881,6.54985117778062
"997",1003,"Acer negundo",17.22,9.55,38.1971863420549,"418.513989999907",835.416730591417,4.07868052354843
"998",1005,NA,NA,NA,NA,NA,NA,NA
"999",1002,"Betula pendula",21.19,9.35,34.3774677078494,"226.885250017238",877.089165401289,1.22959205309928
"1000",998,NA,NA,NA,NA,NA,NA,NA
"1001",992,"Populus alba",23,7,62.0704278058392,"42.2225628573809",2546.24627102158,5.2644188854581
"1002",1006,NA,NA,NA,NA,NA,NA,NA
"1003",1011,"Picea pungens",20.6,6.36,43.2901445209955,"352.222066379547",681.295588863477,1.79880398486574
"1004",1004,"Betula pendula",20.04,11.9808180021232,50.7741685958091,"500.9182750013",1693.72587987803,4.48311451219188
"1005",997,"Acer negundo",17.3,9.7,28.966199642725,"142.02467707106",412.517038093362,1.93682784886568
"1006",1008,NA,NA,NA,NA,NA,NA,NA
"1007",1007,NA,NA,NA,NA,NA,NA,NA
"1008",1000,NA,NA,NA,NA,NA,NA,NA
"1009",1015,NA,NA,NA,NA,NA,NA,NA
"1010",1019,NA,NA,NA,NA,NA,NA,NA
"1011",1016,"Thuja occidentalis",10,3.35,17.5070437401085,"8.97936251705946",68.1408182670142,0.26791284355852
"1012",1014,NA,NA,NA,NA,NA,NA,NA
"1013",1024,NA,NA,NA,NA,NA,NA,NA
"1014",1013,NA,NA,NA,NA,NA,NA,NA
"1015",1009,NA,NA,NA,NA,NA,NA,NA
"1016",1017,"Tilia cordata",15.9,10,43.9267642933631,"498.056511615706",1104.47149546319,5.17369122685375
"1017",1029,NA,NA,NA,NA,NA,NA,NA
"1018",1022,NA,NA,NA,NA,NA,NA,NA
"1019",1034,"Tilia cordata",18.74,7.45,31.8309886183791,"72.5185464919249",487.478306882881,2.47643669571431
"1020",1010,"Tilia cordata",12.14,5.5,22.9183118052329,"48.823880915799",211.677824610226,1.58320035209832
"1021",1020,NA,NA,NA,NA,NA,NA,NA
"1022",1021,NA,NA,NA,NA,NA,NA,NA
"1023",1012,NA,NA,NA,NA,NA,NA,NA
"1024",1018,"Ulmus laevis",25.06,16.4,68.7549354156988,"383.375110570981",3447.48590526033,0.218955637566523
"1025",1025,"Betula pendula",18.7,9.85,32.4676083907466,"119.613177692609",784.255148802519,2.02318646401443
"1026",1027,NA,NA,NA,NA,NA,NA,NA
"1027",1023,"Betula pendula",18.9,9.9,47.7464829275686,"106.615241270469",1668.3304045357,2.2982119810988
"1028",1039,"Thuja occidentalis",13.5,4.40603279606496,24.9929009351658,"29.7569698302484",139.442475217409,0.731729151305536
"1029",1032,"Betula pendula",18.9,7.8,44.2450741795469,"68.0726357486065",1437.28410109187,2.74765017225729
"1030",1044,NA,NA,NA,NA,NA,NA,NA
"1031",1028,"Betula pendula",26.39,9.1,44.2450741795469,"610.833434812361",1437.28410109187,0.166203181307196
"1032",1031,"Tilia cordata",15.4,10.15,37.2422566835035,"436.121461862657",726.276055765419,4.01435702980768
"1033",1035,"Betula pendula",18.24,11.75,54.1126806512444,"550.446992477758",2131.446781383,5.18926531345551
"1034",1026,"Betula pendula",25.38,6.75,43.9267642933631,"48.1467884131694",1417.11532302499,0.11603577278288
"1035",1046,NA,NA,NA,NA,NA,NA,NA
"1036",1030,NA,NA,NA,NA,NA,NA,NA
"1037",1033,"Betula pendula",25.36,9.2,45.5183137242821,"126.269294099541",1519.35257338522,0.127119508280771
"1038",1036,"Picea pungens",23.6,4.72,40.1070456591576,"225.039733265479",558.753425665992,0.950517188040465
"1039",1038,"Betula pendula",24.36,8.45,47.109863155201,"66.57566806432",1625.07008031932,0.13137102201415
"1040",1043,NA,NA,NA,NA,NA,NA,NA
"1041",1040,NA,NA,NA,NA,NA,NA,NA
"1042",1045,"Betula pendula",23.96,13.15,44.8816939519145,"272.304425389644",1478.03975014029,0.132384996382029
"1043",1037,NA,NA,NA,NA,NA,NA,NA
"1044",1052,"Salix alba",19.37,5.9,16.2338041953733,"11.3315401460827",78.6436913447793,0.802049677627672
"1045",1049,"Thuja occidentalis",12.6,3.25,14.9605646506382,"15.0586486165717",46.7397030097611,0.361518831184558
"1046",1041,"Betula pendula",22.55,12.75,47.7464829275686,"929.384973350002",1668.3304045357,0.475412044359246
"1047",1048,NA,NA,NA,NA,NA,NA,NA
"1048",1050,NA,NA,NA,NA,NA,NA,NA
"1049",1042,NA,NA,NA,NA,NA,NA,NA
"1050",1053,NA,NA,NA,NA,NA,NA,NA
"1051",1056,NA,NA,NA,NA,NA,NA,NA
"1052",1051,NA,NA,NA,NA,NA,NA,NA
"1053",1047,"Pyrus communis",10.21,7.4,34.3774677078494,"91.0500746929281",568.020821700452,1.2325582108349
"1054",1054,"Picea pungens",25.2,6.785,57.2957795130823,"590.331077711396",1410.5673387323,1.30868961685781
"1055",1061,"Acer platanoides",20,9.15,26.1014106670708,"360.403681862296",316.280391321756,0.080805797631427
"1056",1059,NA,NA,NA,NA,NA,NA,NA
"1057",1055,"Quercus robur",26,14.45,55.0676103097958,"1046.53899677714",2372.23977803276,0.247673007770572
"1058",1063,NA,NA,NA,NA,NA,NA,NA
"1059",1067,NA,NA,NA,NA,NA,NA,NA
"1060",1058,NA,NA,NA,NA,NA,NA,NA
"1061",1065,NA,NA,NA,NA,NA,NA,NA
"1062",1064,NA,NA,NA,NA,NA,NA,NA
"1063",1068,NA,NA,NA,NA,NA,NA,NA
"1064",1060,NA,NA,NA,NA,NA,NA,NA
"1065",1057,NA,NA,NA,NA,NA,NA,NA
"1066",1071,NA,NA,NA,NA,NA,NA,NA
"1067",1069,NA,NA,NA,NA,NA,NA,NA
"1068",1070,"Pyrus communis",11.97,5.3,23.8732414637843,"18.5729721904468",221.649372838384,0.044035115191605
"1069",1073,NA,NA,NA,NA,NA,NA,NA
"1070",1074,"Acer negundo",23.6,14.65,61.1154981472878,"2282.99899208445",2216.54684785546,0.386411535899697
"1071",1072,NA,NA,NA,NA,NA,NA,NA
"1072",1062,"Populus alba",26.9,15.035,106.952121757754,"1304.5674616524",8087.83184105708,6.45553291667784
"1073",1076,"Picea pungens",26.9,7.07244123340732,58.5318134222609,"102.446468733364",1247.82014607767,0.919818493099313
"1074",1077,NA,NA,NA,NA,NA,NA,NA
"1075",1079,NA,NA,NA,NA,NA,NA,NA
"1076",1066,NA,NA,NA,NA,NA,NA,NA
"1077",1078,NA,NA,NA,NA,NA,NA,NA
"1078",1075,NA,NA,NA,NA,NA,NA,NA
"1079",1087,NA,NA,NA,NA,NA,NA,NA
"1080",1085,NA,NA,NA,NA,NA,NA,NA
"1081",1086,"Picea pungens",22.8,3.815,33.1042281631142,"31.7594918722169",339.508705646463,0.634279463277551
"1082",1082,NA,NA,NA,NA,NA,NA,NA
"1083",1084,NA,NA,NA,NA,NA,NA,NA
"1084",1090,NA,NA,NA,NA,NA,NA,NA
"1085",1088,"Acer platanoides",7.8,5.15,9.54929658551372,"116.294883620554",19.4632669378957,1.18374273750289
"1086",1091,NA,NA,NA,NA,NA,NA,NA
"1087",1080,NA,NA,NA,NA,NA,NA,NA
"1088",1092,NA,NA,NA,NA,NA,NA,NA
"1089",1093,"Acer negundo",12.9,7,36.2873270249521,"179.069533703712",732.957777554155,5.44750312950282
"1090",1081,NA,NA,NA,NA,NA,NA,NA
"1091",1096,NA,NA,NA,NA,NA,NA,NA
"1092",1089,NA,NA,NA,NA,NA,NA,NA
"1093",1098,NA,NA,NA,NA,NA,NA,NA
"1094",1094,NA,NA,NA,NA,NA,NA,NA
"1095",1083,NA,NA,NA,NA,NA,NA,NA
"1096",1103,NA,NA,NA,NA,NA,NA,NA
"1097",1101,"Crataegus laevigata",12.26,6.55,26.4197205532546,"164.905086946726",287.914793263939,0.053454153095373
"1098",1095,"Acer negundo",18.84,7.85,28.6478897565412,"138.436722308579",401.051882565665,1.8846936715174
"1099",1100,NA,NA,NA,NA,NA,NA,NA
"1100",1102,"Crataegus laevigata",7.8,6.85,20.3718327157626,"112.302406882574",147.197179752243,0.035442693231801
"1101",1105,NA,NA,NA,NA,NA,NA,NA
"1102",1106,"Tilia cordata",16.4,10.85,38.8338061144225,"635.677586750157",807.702520877959,4.7860700052529
"1103",1107,"Crataegus laevigata",7.62,5.5,23.2366216914167,"79.8754807737184",206.715168019577,0.04606106661052
"1104",1110,"Crataegus laevigata",8.19,5.45,17.1887338539247,"73.4768545471688",94.9454092655908,0.028601003173087
"1105",1104,"Crataegus laevigata",9.45,6.2,27.0563403256222,"56.4544611131647",306.162030947515,0.046252948570157
"1106",1108,NA,NA,NA,NA,NA,NA,NA
"1107",1097,"Picea pungens",23,7.05761999543756,55.0372429012512,"111.977398580913",1036.87489044582,2.24246434639576
"1108",1099,"Acer negundo",16.4,5.6,37.8788764558711,"204.481430060453",817.772640920567,5.13642903555763
"1109",1111,"Crataegus laevigata",15.87,6.95,19.735212943395,"264.91787786446",135.617285604777,0.035580840994342
"1110",1115,NA,NA,NA,NA,NA,NA,NA
"1111",1114,"Crataegus laevigata",12.68,10.0131163980052,33.1241165567155,"247.14183258305",422.724150314483,0.088680583572
"1112",1116,NA,NA,NA,NA,NA,NA,NA
"1113",1113,NA,NA,NA,NA,NA,NA,NA
"1114",1109,"Acer negundo",15.83,15.1730847226264,57.6483722534182,"328.699247658641",1973.64443551817,9.86738650439316
"1115",1112,"Tilia cordata",15.3,11.75,45.8366236104659,"502.785084153622",984.418967806603,7.90402016805751
"1116",1123,"Crataegus laevigata",11.76,6.95,29.2845095289087,"151.812248460997",375.534365921315,0.059405689743357
"1117",1117,"Tilia cordata",17.8,11.3,44.5633840657307,"796.081760552381",1145.57270899667,5.60126226632053
"1118",1121,"Tilia cordata",15.6,10.75,32.4676083907466,"580.196239847364",512.618141499489,3.63515481958785
"1119",1118,"Tilia cordata",18.5,9.05,63.6619772367581,"818.614945111376",2833.80470163438,10.2316684581754
"1120",1125,"Populus balsamifera",18.5,7.51,43.9267642933631,"259.661747866574",977.342918064705,9.45179064693252
"1121",1120,"Tilia cordata",18.4,11.9,52.5211312203255,"811.892353682418",1738.67691301247,7.61204007083688
"1122",1119,"Tilia cordata",17.6,10,41.6985950900766,"424.243848300499",967.711409278861,5.05749874051367
"1123",1126,NA,NA,NA,NA,NA,NA,NA
"1124",1124,"Tilia cordata",18.1,11.85,45.2000038380983,"650.700351261301",1187.58777440394,6.04353682049828
"1125",1122,"Tilia cordata",13.8,9.85,32.4676083907466,"421.859245423221",512.618141499489,3.63515481958785
"1126",1128,NA,NA,NA,NA,NA,NA,NA
"1127",1129,NA,NA,NA,NA,NA,NA,NA
"1128",1127,"Tilia cordata",17.1,14.3570540153612,52.0327142104552,"1099.07175825728",1254.99896065633,10.8202547998896
